id,subject,custom_fields,created_on,updated_on,tracker.name,status.id,status.name,priority.name,author.name,assigned_to.name,category.name,parent.id
208541,"Gestão de Usuários - Alterar Perfil - Gravar o histórico dos vínculos mantidos na situação ""Em Cadastro""","[{'id': 340, 'name': 'FIPLAN 2.0', 'value': '1'}, {'id': 174, 'name': 'Complexidade da Demanda', 'value': 'Baixa'}, {'id': 221, 'name': 'PF Estimado', 'value': '1'}, {'id': 345, 'name': 'Agrupamento da Demanda', 'value': 'GESTÃO DE USUÁRIO'}, {'id': 252, 'name': 'Gestor', 'value': 'SEFAZ'}, {'id': 299, 'name': 'Origem Mudança', 'value': 'Requisitos'}, {'id': 271, 'name': 'Versão Caso de Uso', 'value': '1.7'}, {'id': 237, 'name': 'Data Prevista Desenvolvimento', 'value': ''}, {'id': 396, 'name': 'Time FIPLAN', 'value': 'SEFAZ - Time 02'}]",2025-05-09T21:27:27Z,2025-05-09T21:31:22Z,FIPLAN:Mudança,156,Desenvolvimento: A fazer,Padrão,Ana Poly Ferreira da Silva,FIPLAN_SEFAZ_TIME 02,Gestão | Segurança,
208539,Tabelas / Classificação Institucional / Unidade Orçamentária / Excluir: Adequação CNPJ alfanumérico (Pessoa Jurídica),"[{'id': 340, 'name': 'FIPLAN 2.0', 'value': '1'}, {'id': 149, 'name': 'Impacto BDCE', 'value': ''}, {'id': 174, 'name': 'Complexidade da Demanda', 'value': 'Média'}, {'id': 221, 'name': 'PF Estimado', 'value': '3'}, {'id': 345, 'name': 'Agrupamento da Demanda', 'value': ''}, {'id': 252, 'name': 'Gestor', 'value': 'SEPLAN'}, {'id': 271, 'name': 'Versão Caso de Uso', 'value': '4.0'}, {'id': 237, 'name': 'Data Prevista Desenvolvimento', 'value': ''}, {'id': 238, 'name': 'Data Prevista Teste', 'value': ''}, {'id': 396, 'name': 'Time FIPLAN', 'value': ''}]",2025-05-09T21:10:17Z,2025-05-09T21:10:17Z,FIPLAN:Adaptativa,200,Especificação: Em andamento,Padrão,Cristina de Souza Azevedo,Cristina de Souza Azevedo,Tabelas | Institucional,
208538,Tabelas / Classificação Institucional / Unidade Orçamentária / Alterar: Adequação CNPJ alfanumérico (Pessoa Jurídica),"[{'id': 340, 'name': 'FIPLAN 2.0', 'value': '1'}, {'id': 149, 'name': 'Impacto BDCE', 'value': ''}, {'id': 174, 'name': 'Complexidade da Demanda', 'value': ''}, {'id': 221, 'name': 'PF Estimado', 'value': '3'}, {'id': 345, 'name': 'Agrupamento da Demanda', 'value': ''}, {'id': 252, 'name': 'Gestor', 'value': 'SEPLAN'}, {'id': 271, 'name': 'Versão Caso de Uso', 'value': '4.0'}, {'id': 237, 'name': 'Data Prevista Desenvolvimento', 'value': ''}, {'id': 238, 'name': 'Data Prevista Teste', 'value': ''}, {'id': 396, 'name': 'Time FIPLAN', 'value': ''}]",2025-05-09T21:09:43Z,2025-05-09T21:09:43Z,FIPLAN:Adaptativa,200,Especificação: Em andamento,Padrão,Cristina de Souza Azevedo,Cristina de Souza Azevedo,Tabelas | Institucional,
208537,Gestão de Usuários - Alterar Perfil - Qualquer alteração realizada está excluindo todos os vínculos do Perfil com o Usuário,"[{'id': 340, 'name': 'FIPLAN 2.0', 'value': '1'}, {'id': 33, 'name': 'Legado', 'value': '0'}, {'id': 252, 'name': 'Gestor', 'value': 'SEFAZ'}, {'id': 396, 'name': 'Time FIPLAN', 'value': 'SEFAZ - Time 02'}]",2025-05-09T20:56:26Z,2025-05-09T21:31:59Z,FIPLAN:Erro,156,Desenvolvimento: A fazer,Padrão,Ana Poly Ferreira da Silva,FIPLAN_SEFAZ_TIME 02,,
208536,TABELAS FINANCEIRAS - VINCULAÇÃO DA RECEITA - ALTERAR MSG ERRO NULL,"[{'id': 28, 'name': 'Origem do Defeito', 'value': 'Teste Integrado - Equipe Requisitos'}, {'id': 340, 'name': 'FIPLAN 2.0', 'value': '1'}, {'id': 174, 'name': 'Complexidade da Demanda', 'value': ''}, {'id': 334, 'name': 'Backlog', 'value': ''}, {'id': 221, 'name': 'PF Estimado', 'value': ''}, {'id': 252, 'name': 'Gestor', 'value': 'SEFAZ'}, {'id': 396, 'name': 'Time FIPLAN', 'value': ''}]",2025-05-09T20:50:11Z,2025-05-09T20:58:00Z,FIPLAN:Corretiva,156,Desenvolvimento: A fazer,Padrão,Gemima de Freitas Machado Muniz,FIPLAN DEV,Tabelas | Financeira,
208535,FIPLAN 2.0 - Tabelas SICONFI - Natureza da Despesa - Alterar nome de campo,"[{'id': 340, 'name': 'FIPLAN 2.0', 'value': '1'}, {'id': 174, 'name': 'Complexidade da Demanda', 'value': ''}, {'id': 221, 'name': 'PF Estimado', 'value': '3'}, {'id': 345, 'name': 'Agrupamento da Demanda', 'value': ''}, {'id': 252, 'name': 'Gestor', 'value': 'SEFAZ'}, {'id': 299, 'name': 'Origem Mudança', 'value': 'Negócio'}, {'id': 271, 'name': 'Versão Caso de Uso', 'value': ''}, {'id': 237, 'name': 'Data Prevista Desenvolvimento', 'value': ''}, {'id': 396, 'name': 'Time FIPLAN', 'value': ''}]",2025-05-09T20:47:59Z,2025-05-09T20:47:59Z,FIPLAN:Mudança,200,Especificação: Em andamento,Padrão,Monica  Alves Gomes da Costa,Monica  Alves Gomes da Costa,Tabelas | Parâmetros,
208533,Monitoramento 2024-2027: Apuração do Indicador de Programa - Avaliação  de Demanda,"[{'id': 368, 'name': 'Rastro FIPLAN', 'value': ''}, {'id': 340, 'name': 'FIPLAN 2.0', 'value': ''}, {'id': 149, 'name': 'Impacto BDCE', 'value': ''}, {'id': 334, 'name': 'Backlog', 'value': ''}, {'id': 221, 'name': 'PF Estimado', 'value': ''}, {'id': 333, 'name': 'Esforço', 'value': ''}, {'id': 345, 'name': 'Agrupamento da Demanda', 'value': ''}, {'id': 252, 'name': 'Gestor', 'value': 'SEPLAN'}, {'id': 342, 'name': 'Data Entrega Homologação', 'value': ''}, {'id': 235, 'name': 'Data Prevista Implantação', 'value': ''}, {'id': 396, 'name': 'Time FIPLAN', 'value': ''}]",2025-05-09T20:26:44Z,2025-05-09T20:27:00Z,FIPLAN:Demanda,193,Demanda: Solicitação,Padrão,Marilia Pedreira,Fiplan Requisitos Seplan,,
208532,Tabelas / Classificação Institucional / Unidade Orçamentária / Consultar: Adequação CNPJ alfanumérico (Pessoa Jurídica),"[{'id': 340, 'name': 'FIPLAN 2.0', 'value': '1'}, {'id': 149, 'name': 'Impacto BDCE', 'value': ''}, {'id': 174, 'name': 'Complexidade da Demanda', 'value': 'Média'}, {'id': 221, 'name': 'PF Estimado', 'value': '3'}, {'id': 345, 'name': 'Agrupamento da Demanda', 'value': ''}, {'id': 252, 'name': 'Gestor', 'value': 'SEPLAN'}, {'id': 271, 'name': 'Versão Caso de Uso', 'value': '4.0'}, {'id': 237, 'name': 'Data Prevista Desenvolvimento', 'value': ''}, {'id': 238, 'name': 'Data Prevista Teste', 'value': ''}, {'id': 396, 'name': 'Time FIPLAN', 'value': ''}]",2025-05-09T20:12:09Z,2025-05-09T20:12:09Z,FIPLAN:Adaptativa,200,Especificação: Em andamento,Padrão,Cristina de Souza Azevedo,Cristina de Souza Azevedo,Tabelas | Institucional,
208531,Tabelas / Classificação Institucional / Unidade Orçamentária / Incluir: Adequação CNPJ alfanumérico (Pessoa Jurídica),"[{'id': 340, 'name': 'FIPLAN 2.0', 'value': '1'}, {'id': 149, 'name': 'Impacto BDCE', 'value': ''}, {'id': 174, 'name': 'Complexidade da Demanda', 'value': 'Média'}, {'id': 221, 'name': 'PF Estimado', 'value': '3'}, {'id': 345, 'name': 'Agrupamento da Demanda', 'value': ''}, {'id': 252, 'name': 'Gestor', 'value': 'SEPLAN'}, {'id': 271, 'name': 'Versão Caso de Uso', 'value': '4.0'}, {'id': 237, 'name': 'Data Prevista Desenvolvimento', 'value': ''}, {'id': 238, 'name': 'Data Prevista Teste', 'value': ''}, {'id': 396, 'name': 'Time FIPLAN', 'value': ''}]",2025-05-09T20:07:48Z,2025-05-09T20:07:48Z,FIPLAN:Adaptativa,200,Especificação: Em andamento,Padrão,Cristina de Souza Azevedo,Cristina de Souza Azevedo,Tabelas | Institucional,
208529,Monitoramento 2024-2027: Customização do M&A 102  - Relatório de Execução do PPA - Mudança do quadro de “Evolução dos Indicadores de Programa”,"[{'id': 368, 'name': 'Rastro FIPLAN', 'value': ''}, {'id': 340, 'name': 'FIPLAN 2.0', 'value': '0'}, {'id': 149, 'name': 'Impacto BDCE', 'value': ''}, {'id': 334, 'name': 'Backlog', 'value': ''}, {'id': 221, 'name': 'PF Estimado', 'value': ''}, {'id': 333, 'name': 'Esforço', 'value': ''}, {'id': 345, 'name': 'Agrupamento da Demanda', 'value': ''}, {'id': 252, 'name': 'Gestor', 'value': 'SEPLAN'}, {'id': 342, 'name': 'Data Entrega Homologação', 'value': ''}, {'id': 235, 'name': 'Data Prevista Implantação', 'value': ''}, {'id': 396, 'name': 'Time FIPLAN', 'value': 'SEPLAN - Sustentação'}]",2025-05-09T20:02:09Z,2025-05-09T20:02:36Z,FIPLAN:Demanda,193,Demanda: Solicitação,Alto,Marilia Pedreira,Fiplan Requisitos Seplan,PLAN | M&A | Monitoramento,
208527,FIPLAN 2.0 - Tabelas SICONFI - Natureza da Despesa - Item não exibe no filtro,"[{'id': 340, 'name': 'FIPLAN 2.0', 'value': '1'}, {'id': 33, 'name': 'Legado', 'value': '0'}, {'id': 252, 'name': 'Gestor', 'value': 'SEFAZ'}, {'id': 396, 'name': 'Time FIPLAN', 'value': ''}]",2025-05-09T19:34:19Z,2025-05-09T19:38:57Z,FIPLAN:Erro,156,Desenvolvimento: A fazer,Padrão,Monica  Alves Gomes da Costa,FIPLAN_SEFAZ_TIME 09,,
208526,"Relato sobre a Iniciativa - 2024-2027 - Anos 2,3 e 4 - Demanda 2 - Remover Explicação","[{'id': 340, 'name': 'FIPLAN 2.0', 'value': '1'}, {'id': 33, 'name': 'Legado', 'value': '0'}, {'id': 252, 'name': 'Gestor', 'value': 'SEPLAN'}, {'id': 396, 'name': 'Time FIPLAN', 'value': 'SEPLAN - Time 02'}]",2025-05-09T19:32:15Z,2025-05-09T20:06:43Z,FIPLAN:Erro,156,Desenvolvimento: A fazer,Padrão,Ligia Simone Vianna,FIPLAN_SEPLAN_TIME 02,,
208521,Desabilitar o botão gerar pdf quando não tiver uma linha selecionada,"[{'id': 371, 'name': 'Data de Entrega', 'value': '2025-05-09'}]",2025-05-09T18:56:39Z,2025-05-09T19:25:34Z,FIPLAN:Atividade,73,Feito,Padrão,Sabrina de Lima Campos,Sabrina de Lima Campos,,208371.0
208517,Tabelas / Classificação Institucional / Órgão / Excluir: Adequação CNPJ alfanumérico (Pessoa Jurídica),"[{'id': 340, 'name': 'FIPLAN 2.0', 'value': '1'}, {'id': 149, 'name': 'Impacto BDCE', 'value': ''}, {'id': 174, 'name': 'Complexidade da Demanda', 'value': 'Média'}, {'id': 221, 'name': 'PF Estimado', 'value': '3'}, {'id': 345, 'name': 'Agrupamento da Demanda', 'value': ''}, {'id': 252, 'name': 'Gestor', 'value': 'SEPLAN'}, {'id': 271, 'name': 'Versão Caso de Uso', 'value': '4.0'}, {'id': 237, 'name': 'Data Prevista Desenvolvimento', 'value': ''}, {'id': 238, 'name': 'Data Prevista Teste', 'value': ''}, {'id': 396, 'name': 'Time FIPLAN', 'value': ''}]",2025-05-09T18:34:29Z,2025-05-09T18:59:11Z,FIPLAN:Adaptativa,200,Especificação: Em andamento,Padrão,Cristina de Souza Azevedo,Cristina de Souza Azevedo,Tabelas | Institucional,
208514,Tabelas / Classificação Institucional / Órgão / Alterar: Adequação CNPJ alfanumérico (Pessoa Jurídica),"[{'id': 340, 'name': 'FIPLAN 2.0', 'value': '1'}, {'id': 149, 'name': 'Impacto BDCE', 'value': ''}, {'id': 174, 'name': 'Complexidade da Demanda', 'value': ''}, {'id': 221, 'name': 'PF Estimado', 'value': '3'}, {'id': 345, 'name': 'Agrupamento da Demanda', 'value': ''}, {'id': 252, 'name': 'Gestor', 'value': 'SEPLAN'}, {'id': 271, 'name': 'Versão Caso de Uso', 'value': '4.0'}, {'id': 237, 'name': 'Data Prevista Desenvolvimento', 'value': ''}, {'id': 238, 'name': 'Data Prevista Teste', 'value': ''}, {'id': 396, 'name': 'Time FIPLAN', 'value': ''}]",2025-05-09T18:31:51Z,2025-05-09T18:59:24Z,FIPLAN:Adaptativa,200,Especificação: Em andamento,Padrão,Cristina de Souza Azevedo,Cristina de Souza Azevedo,Tabelas | Institucional,
208513,Filtrar as linhas de extratos ordenados por Data do Lançamento do Extrato e de Cadastro,"[{'id': 371, 'name': 'Data de Entrega', 'value': ''}]",2025-05-09T18:30:33Z,2025-05-09T18:30:33Z,FIPLAN:Atividade,154,A fazer,Padrão,Douglas de Jesus Fonseca,,,208120.0
208512,Filtro nome de usuário não está funcionando,"[{'id': 371, 'name': 'Data de Entrega', 'value': '2025-05-09'}]",2025-05-09T18:30:03Z,2025-05-09T19:59:17Z,FIPLAN:Atividade,73,Feito,Padrão,Sabrina de Lima Campos,Thiago Costa Vieira Borges Miranda,,208371.0
208511,Tabelas / Classificação Institucional / Órgão / Consultar: Adequação CNPJ alfanumérico (Pessoa Jurídica),"[{'id': 340, 'name': 'FIPLAN 2.0', 'value': '1'}, {'id': 149, 'name': 'Impacto BDCE', 'value': ''}, {'id': 174, 'name': 'Complexidade da Demanda', 'value': 'Média'}, {'id': 221, 'name': 'PF Estimado', 'value': '3'}, {'id': 345, 'name': 'Agrupamento da Demanda', 'value': ''}, {'id': 252, 'name': 'Gestor', 'value': 'SEPLAN'}, {'id': 271, 'name': 'Versão Caso de Uso', 'value': '4.0'}, {'id': 237, 'name': 'Data Prevista Desenvolvimento', 'value': ''}, {'id': 238, 'name': 'Data Prevista Teste', 'value': ''}, {'id': 396, 'name': 'Time FIPLAN', 'value': ''}]",2025-05-09T18:29:57Z,2025-05-09T18:59:36Z,FIPLAN:Adaptativa,200,Especificação: Em andamento,Padrão,Cristina de Souza Azevedo,Cristina de Souza Azevedo,Tabelas | Institucional,
208509,Tabelas / Classificação Institucional / Órgão / Incluir: Adequação CNPJ alfanumérico (Pessoa Jurídica),"[{'id': 340, 'name': 'FIPLAN 2.0', 'value': '1'}, {'id': 149, 'name': 'Impacto BDCE', 'value': ''}, {'id': 174, 'name': 'Complexidade da Demanda', 'value': ''}, {'id': 221, 'name': 'PF Estimado', 'value': '3'}, {'id': 345, 'name': 'Agrupamento da Demanda', 'value': ''}, {'id': 252, 'name': 'Gestor', 'value': 'SEPLAN'}, {'id': 271, 'name': 'Versão Caso de Uso', 'value': '4.0'}, {'id': 237, 'name': 'Data Prevista Desenvolvimento', 'value': ''}, {'id': 238, 'name': 'Data Prevista Teste', 'value': ''}, {'id': 396, 'name': 'Time FIPLAN', 'value': ''}]",2025-05-09T18:26:09Z,2025-05-09T18:59:46Z,FIPLAN:Adaptativa,200,Especificação: Em andamento,Padrão,Cristina de Souza Azevedo,Cristina de Souza Azevedo,Tabelas | Institucional,
208508,FIPLAN 2.0 – Manter Tipo de Recurso de Crédito,"[{'id': 340, 'name': 'FIPLAN 2.0', 'value': '1'}, {'id': 149, 'name': 'Impacto BDCE', 'value': ''}, {'id': 174, 'name': 'Complexidade da Demanda', 'value': 'Média'}, {'id': 221, 'name': 'PF Estimado', 'value': ''}, {'id': 345, 'name': 'Agrupamento da Demanda', 'value': ''}, {'id': 252, 'name': 'Gestor', 'value': 'SEPLAN'}, {'id': 234, 'name': 'Projeto', 'value': '1'}, {'id': 271, 'name': 'Versão Caso de Uso', 'value': '1.0'}, {'id': 237, 'name': 'Data Prevista Desenvolvimento', 'value': ''}, {'id': 238, 'name': 'Data Prevista Teste', 'value': ''}, {'id': 396, 'name': 'Time FIPLAN', 'value': 'SEPLAN - Sustentação'}]",2025-05-09T18:17:37Z,2025-05-09T18:19:22Z,FIPLAN:Evolutiva,200,Especificação: Em andamento,Padrão,Cristiane Menezes S. Santos,Cristiane Menezes S. Santos,Tabelas | MOD,
208507,FIPLAN 2.0 – Manter Tipo de Alteração de Crédito,"[{'id': 340, 'name': 'FIPLAN 2.0', 'value': '1'}, {'id': 149, 'name': 'Impacto BDCE', 'value': ''}, {'id': 174, 'name': 'Complexidade da Demanda', 'value': 'Média'}, {'id': 221, 'name': 'PF Estimado', 'value': ''}, {'id': 345, 'name': 'Agrupamento da Demanda', 'value': ''}, {'id': 252, 'name': 'Gestor', 'value': 'SEPLAN'}, {'id': 234, 'name': 'Projeto', 'value': '1'}, {'id': 271, 'name': 'Versão Caso de Uso', 'value': '1.0'}, {'id': 237, 'name': 'Data Prevista Desenvolvimento', 'value': ''}, {'id': 238, 'name': 'Data Prevista Teste', 'value': ''}, {'id': 396, 'name': 'Time FIPLAN', 'value': 'SEPLAN - Sustentação'}]",2025-05-09T18:17:07Z,2025-05-09T18:19:06Z,FIPLAN:Evolutiva,200,Especificação: Em andamento,Padrão,Cristiane Menezes S. Santos,Cristiane Menezes S. Santos,Tabelas | MOD,
208506,FIPLAN 2.0 – Manter Tipo de Crédito Adicional,"[{'id': 340, 'name': 'FIPLAN 2.0', 'value': '1'}, {'id': 149, 'name': 'Impacto BDCE', 'value': ''}, {'id': 174, 'name': 'Complexidade da Demanda', 'value': 'Média'}, {'id': 221, 'name': 'PF Estimado', 'value': ''}, {'id': 345, 'name': 'Agrupamento da Demanda', 'value': ''}, {'id': 252, 'name': 'Gestor', 'value': 'SEPLAN'}, {'id': 234, 'name': 'Projeto', 'value': '1'}, {'id': 271, 'name': 'Versão Caso de Uso', 'value': '1.0'}, {'id': 237, 'name': 'Data Prevista Desenvolvimento', 'value': ''}, {'id': 238, 'name': 'Data Prevista Teste', 'value': ''}, {'id': 396, 'name': 'Time FIPLAN', 'value': 'SEPLAN - Sustentação'}]",2025-05-09T18:16:37Z,2025-05-09T18:16:37Z,FIPLAN:Evolutiva,200,Especificação: Em andamento,Padrão,Cristiane Menezes S. Santos,Cristiane Menezes S. Santos,Tabelas | MOD,
208505,"Título ao exportar o excel do Processar Dae, da tela principal está ""Obter dae""","[{'id': 371, 'name': 'Data de Entrega', 'value': '2025-05-09'}]",2025-05-09T18:00:41Z,2025-05-09T18:44:38Z,FIPLAN:Atividade,73,Feito,Padrão,Sabrina de Lima Campos,Thiago Costa Vieira Borges Miranda,,208371.0
208504,FIPLAN 2.0 - Migração Tabelas Básicas SEPLAN - Parte 8,"[{'id': 368, 'name': 'Rastro FIPLAN', 'value': ''}, {'id': 340, 'name': 'FIPLAN 2.0', 'value': '1'}, {'id': 149, 'name': 'Impacto BDCE', 'value': ''}, {'id': 334, 'name': 'Backlog', 'value': '1'}, {'id': 221, 'name': 'PF Estimado', 'value': ''}, {'id': 333, 'name': 'Esforço', 'value': ''}, {'id': 345, 'name': 'Agrupamento da Demanda', 'value': ''}, {'id': 252, 'name': 'Gestor', 'value': 'SEPLAN'}, {'id': 342, 'name': 'Data Entrega Homologação', 'value': ''}, {'id': 235, 'name': 'Data Prevista Implantação', 'value': ''}, {'id': 396, 'name': 'Time FIPLAN', 'value': 'SEPLAN - Sustentação'}]",2025-05-09T18:00:06Z,2025-05-09T18:18:08Z,FIPLAN:Demanda,192,Demanda: Ideias,Padrão,Cristiane Menezes S. Santos,Cristiane Menezes S. Santos,Tabelas | MOD,
208503,CNPJ ALFANUMÉRICO - CLASSIFICAÇÃO INSTITUCIONAL - ORGÃO/UO/UG: Adequação Pessoa Jurídica Alfanumérico (ACWTB0079.CNPJ),"[{'id': 368, 'name': 'Rastro FIPLAN', 'value': ''}, {'id': 340, 'name': 'FIPLAN 2.0', 'value': '1'}, {'id': 149, 'name': 'Impacto BDCE', 'value': ''}, {'id': 334, 'name': 'Backlog', 'value': '0'}, {'id': 221, 'name': 'PF Estimado', 'value': '12'}, {'id': 333, 'name': 'Esforço', 'value': ''}, {'id': 345, 'name': 'Agrupamento da Demanda', 'value': ''}, {'id': 252, 'name': 'Gestor', 'value': 'SEFAZ'}, {'id': 342, 'name': 'Data Entrega Homologação', 'value': ''}, {'id': 235, 'name': 'Data Prevista Implantação', 'value': ''}, {'id': 396, 'name': 'Time FIPLAN', 'value': ''}]",2025-05-09T17:59:04Z,2025-05-09T19:11:52Z,FIPLAN:Demanda,192,Demanda: Ideias,Padrão,Cristina de Souza Azevedo,Cristina de Souza Azevedo,,
208502,FIPLAN - Tabelas - Parâmetro de Tipo de Instrumento - Tela de Exclusão,"[{'id': 340, 'name': 'FIPLAN 2.0', 'value': '1'}, {'id': 149, 'name': 'Impacto BDCE', 'value': ''}, {'id': 174, 'name': 'Complexidade da Demanda', 'value': ''}, {'id': 221, 'name': 'PF Estimado', 'value': ''}, {'id': 345, 'name': 'Agrupamento da Demanda', 'value': ''}, {'id': 252, 'name': 'Gestor', 'value': 'SEFAZ'}, {'id': 271, 'name': 'Versão Caso de Uso', 'value': ''}, {'id': 237, 'name': 'Data Prevista Desenvolvimento', 'value': ''}, {'id': 238, 'name': 'Data Prevista Teste', 'value': ''}, {'id': 396, 'name': 'Time FIPLAN', 'value': ''}]",2025-05-09T17:54:21Z,2025-05-09T20:35:28Z,FIPLAN:Adaptativa,200,Especificação: Em andamento,Padrão,Monica  Alves Gomes da Costa,Monica  Alves Gomes da Costa,Tabelas | Parâmetros,
208499,Corrigir posições do filtros de pesquisa e ortografias da tela principal,"[{'id': 371, 'name': 'Data de Entrega', 'value': '2025-05-09'}]",2025-05-09T17:39:17Z,2025-05-09T18:14:14Z,FIPLAN:Atividade,73,Feito,Padrão,Sabrina de Lima Campos,Thiago Costa Vieira Borges Miranda,,208371.0
208498,FIPLAN 2.0 - Migração. Revisão dos Padrões para Tabelas Básicas - Tabelas SICONFI - Destinação de Recursos - Não exibe mensagem de validação,"[{'id': 340, 'name': 'FIPLAN 2.0', 'value': '1'}, {'id': 33, 'name': 'Legado', 'value': '0'}, {'id': 252, 'name': 'Gestor', 'value': 'SEFAZ'}, {'id': 396, 'name': 'Time FIPLAN', 'value': ''}]",2025-05-09T17:37:08Z,2025-05-09T18:10:34Z,FIPLAN:Erro,156,Desenvolvimento: A fazer,Padrão,Monica  Alves Gomes da Costa,FIPLAN_SEFAZ_TIME 09,,
208497,Documentos / Conta Única / Realizar Lançamento Cute - exclusão da regra R022,"[{'id': 340, 'name': 'FIPLAN 2.0', 'value': '0'}, {'id': 149, 'name': 'Impacto BDCE', 'value': ''}, {'id': 174, 'name': 'Complexidade da Demanda', 'value': 'Média'}, {'id': 221, 'name': 'PF Estimado', 'value': '10'}, {'id': 345, 'name': 'Agrupamento da Demanda', 'value': ''}, {'id': 252, 'name': 'Gestor', 'value': 'SEFAZ'}, {'id': 271, 'name': 'Versão Caso de Uso', 'value': '4.0'}, {'id': 237, 'name': 'Data Prevista Desenvolvimento', 'value': ''}, {'id': 238, 'name': 'Data Prevista Teste', 'value': ''}, {'id': 396, 'name': 'Time FIPLAN', 'value': ''}]",2025-05-09T17:36:21Z,2025-05-09T18:17:45Z,FIPLAN:Adaptativa,156,Desenvolvimento: A fazer,Padrão,Genivieve Freitas Machado ,FIPLAN DEV,Outros Documentos | CUTE,
208495,"Relato sobre a Iniciativa - 2024-2027 - Anos 2,3 e 4 - Demanda 2 - Salvar relato","[{'id': 340, 'name': 'FIPLAN 2.0', 'value': '1'}, {'id': 33, 'name': 'Legado', 'value': '0'}, {'id': 252, 'name': 'Gestor', 'value': 'SEPLAN'}, {'id': 396, 'name': 'Time FIPLAN', 'value': 'SEPLAN - Time 02'}]",2025-05-09T15:08:09Z,2025-05-09T16:49:59Z,FIPLAN:Erro,114,Desenvolvimento: Em andamento,Padrão,Ligia Simone Vianna,Marcus Vinicius Lima Vidal,,
208494,Carga de UG inativa - Do exercício 2021 até o exercício 2025 Manutenção,"[{'id': 64, 'name': 'Ambiente', 'value': 'Manutenção'}, {'id': 296, 'name': 'Justificativa', 'value': 'Conforme solicitação do ticket Gestor #208432\r\n'}, {'id': 345, 'name': 'Agrupamento da Demanda', 'value': ''}, {'id': 252, 'name': 'Gestor', 'value': 'SEFAZ'}]",2025-05-09T15:01:39Z,2025-05-09T19:06:55Z,FIPLAN:Carga de Dados,30,Validação,Padrão,Tárcio Henrique  Gomes Barbosa,Tárcio Henrique  Gomes Barbosa,,
208493,Conciliação Bancária Extrato - Conciliar - Confirmação da operação - ajuste na visualização das informações de usuário de cadastro/usuário de alteração,"[{'id': 340, 'name': 'FIPLAN 2.0', 'value': '1'}, {'id': 174, 'name': 'Complexidade da Demanda', 'value': ''}, {'id': 221, 'name': 'PF Estimado', 'value': '2'}, {'id': 345, 'name': 'Agrupamento da Demanda', 'value': ''}, {'id': 252, 'name': 'Gestor', 'value': 'SEFAZ'}, {'id': 299, 'name': 'Origem Mudança', 'value': 'Requisitos'}, {'id': 271, 'name': 'Versão Caso de Uso', 'value': '6.15'}, {'id': 237, 'name': 'Data Prevista Desenvolvimento', 'value': ''}, {'id': 396, 'name': 'Time FIPLAN', 'value': ''}]",2025-05-09T14:59:31Z,2025-05-09T20:58:21Z,FIPLAN:Mudança,156,Desenvolvimento: A fazer,Padrão,Marcio Anton Hadad,FIPLAN_SEFAZ_TIME 04,Conciliação Bancária,
208492,Tabelas Contábeis - Fato Extra Caixa - Validação na inclusão e na alteração,"[{'id': 28, 'name': 'Origem do Defeito', 'value': 'Produção'}, {'id': 340, 'name': 'FIPLAN 2.0', 'value': '1'}, {'id': 174, 'name': 'Complexidade da Demanda', 'value': ''}, {'id': 334, 'name': 'Backlog', 'value': '1'}, {'id': 221, 'name': 'PF Estimado', 'value': ''}, {'id': 252, 'name': 'Gestor', 'value': 'SEFAZ'}, {'id': 396, 'name': 'Time FIPLAN', 'value': ''}]",2025-05-09T14:56:08Z,2025-05-09T19:40:26Z,FIPLAN:Corretiva,156,Desenvolvimento: A fazer,Padrão,Gemima de Freitas Machado Muniz,FIPLAN DEV,Tabelas | Contábil,
208490,PTA - Memória de Cálculo: Erro Null Pointer,"[{'id': 340, 'name': 'FIPLAN 2.0', 'value': '0'}, {'id': 33, 'name': 'Legado', 'value': '0'}, {'id': 252, 'name': 'Gestor', 'value': 'SEPLAN'}, {'id': 396, 'name': 'Time FIPLAN', 'value': 'SEPLAN - Sustentação'}]",2025-05-09T14:36:40Z,2025-05-09T18:11:27Z,FIPLAN:Erro,114,Desenvolvimento: Em andamento,Padrão,Priscila Carvalho Ramos,Christiano Tavares,,
208489,Mapear Transversalidade - filtros e seleção múltipla - ACWVW1090,"[{'id': 149, 'name': 'Impacto BDCE', 'value': ''}, {'id': 345, 'name': 'Agrupamento da Demanda', 'value': ''}, {'id': 252, 'name': 'Gestor', 'value': 'SEPLAN'}]",2025-05-09T14:25:50Z,2025-05-09T14:25:50Z,FIPLAN:Modelo de Dados,114,Desenvolvimento: Em andamento,Padrão,Gabriel Mendes de Souza,Gabriel Mendes de Souza,PLAN | PPA | Programar,
208488,"Relato sobre a Iniciativa - 2024-2027 - Anos 2,3 e 4 - Demanda 2 - Imprimir ","[{'id': 340, 'name': 'FIPLAN 2.0', 'value': '1'}, {'id': 33, 'name': 'Legado', 'value': '0'}, {'id': 252, 'name': 'Gestor', 'value': 'SEPLAN'}, {'id': 396, 'name': 'Time FIPLAN', 'value': 'SEPLAN - Time 02'}]",2025-05-09T14:24:36Z,2025-05-09T14:28:17Z,FIPLAN:Erro,200,Especificação: Em andamento,Padrão,Ligia Simone Vianna,Ligia Simone Vianna,,
208487,Migração Credor - Incluir Credor - Pessoa Física,"[{'id': 340, 'name': 'FIPLAN 2.0', 'value': '1'}, {'id': 174, 'name': 'Complexidade da Demanda', 'value': 'Média'}, {'id': 221, 'name': 'PF Estimado', 'value': '12'}, {'id': 345, 'name': 'Agrupamento da Demanda', 'value': 'CREDOR'}, {'id': 252, 'name': 'Gestor', 'value': 'SEFAZ'}, {'id': 299, 'name': 'Origem Mudança', 'value': 'Negócio'}, {'id': 271, 'name': 'Versão Caso de Uso', 'value': '1.3'}, {'id': 237, 'name': 'Data Prevista Desenvolvimento', 'value': ''}, {'id': 396, 'name': 'Time FIPLAN', 'value': ''}]",2025-05-09T14:17:50Z,2025-05-09T20:05:01Z,FIPLAN:Mudança,156,Desenvolvimento: A fazer,Padrão,Manuela da Silva Costa,FIPLAN_SEFAZ_TIME 05,Tabelas | Credor,
208482,FOLHA - Fase 2 - Regularização da Folha - Vinculação Credor Folha (parte 1) - Registros unicos,"[{'id': 340, 'name': 'FIPLAN 2.0', 'value': '1'}, {'id': 33, 'name': 'Legado', 'value': '0'}, {'id': 252, 'name': 'Gestor', 'value': 'SEFAZ'}, {'id': 396, 'name': 'Time FIPLAN', 'value': ''}]",2025-05-09T13:42:44Z,2025-05-09T18:02:21Z,FIPLAN:Erro,114,Desenvolvimento: Em andamento,Padrão,Alessandra Leal Bertani,Thiago Santos Moreira,,
208481,FOLHA - Fase 2 - Regularização da Folha - Vinculação Credor Folha (parte 1) - Registros unicos,"[{'id': 340, 'name': 'FIPLAN 2.0', 'value': '1'}, {'id': 33, 'name': 'Legado', 'value': '0'}, {'id': 252, 'name': 'Gestor', 'value': 'SEFAZ'}, {'id': 396, 'name': 'Time FIPLAN', 'value': ''}]",2025-05-09T13:38:40Z,2025-05-09T18:06:00Z,FIPLAN:Erro,156,Desenvolvimento: A fazer,Padrão,Alessandra Leal Bertani,Thiago Santos Moreira,,
208478,Homologação SEPLAN - Manter Unidade Setorial de Planejamento  - Alterações na padronização visual das telas segundo o novo padrão definido para o FIPLAN 2.0,"[{'id': 371, 'name': 'Data de Entrega', 'value': ''}]",2025-05-09T13:26:03Z,2025-05-09T15:00:48Z,FIPLAN:Atividade,73,Feito,Padrão,Daniele Correa,Fiplan Requisitos Seplan,,205735.0
208477,"Relato sobre a Iniciativa - 2024-2027 - Anos 2,3 e 4 - Demanda 2 - Mensagens de Erro Inesperada","[{'id': 340, 'name': 'FIPLAN 2.0', 'value': '1'}, {'id': 33, 'name': 'Legado', 'value': '0'}, {'id': 252, 'name': 'Gestor', 'value': 'SEPLAN'}, {'id': 396, 'name': 'Time FIPLAN', 'value': 'SEPLAN - Time 02'}]",2025-05-09T13:20:18Z,2025-05-09T14:57:54Z,FIPLAN:Erro,114,Desenvolvimento: Em andamento,Padrão,Ligia Simone Vianna,Antonio Alves da Cunha Junior,,
208475,"Remover exibição dos itens no  menu ""Contabilidade / Matriz de Saldos Contábeis""","[{'id': 28, 'name': 'Origem do Defeito', 'value': 'Produção'}, {'id': 340, 'name': 'FIPLAN 2.0', 'value': '1'}, {'id': 174, 'name': 'Complexidade da Demanda', 'value': 'Baixa'}, {'id': 334, 'name': 'Backlog', 'value': ''}, {'id': 221, 'name': 'PF Estimado', 'value': ''}, {'id': 252, 'name': 'Gestor', 'value': 'SEFAZ'}, {'id': 396, 'name': 'Time FIPLAN', 'value': 'SEFAZ - Sustentação'}]",2025-05-09T12:51:07Z,2025-05-09T18:50:20Z,FIPLAN:Corretiva,114,Desenvolvimento: Em andamento,Padrão,Felipe Araujo da Silva,FIPLAN_MERGE,Contabilidade | MSC,
208473,CONSULTAR CONTINGENCIAMENTO /  DETALHES - Botão PLAN 70,"[{'id': 340, 'name': 'FIPLAN 2.0', 'value': '1'}, {'id': 33, 'name': 'Legado', 'value': '0'}, {'id': 252, 'name': 'Gestor', 'value': 'SEFAZ'}, {'id': 396, 'name': 'Time FIPLAN', 'value': 'SEFAZ - Time 08'}]",2025-05-09T12:33:43Z,2025-05-09T13:08:07Z,FIPLAN:Erro,114,Desenvolvimento: Em andamento,Padrão,MIRIAN ARAUJO ALMEIDA,Evandro Rosa Santos,,
208472,FIPLAN 2.0 - Migração - Parâmetros da LOA,"[{'id': 340, 'name': 'FIPLAN 2.0', 'value': '1'}, {'id': 149, 'name': 'Impacto BDCE', 'value': ''}, {'id': 174, 'name': 'Complexidade da Demanda', 'value': ''}, {'id': 221, 'name': 'PF Estimado', 'value': ''}, {'id': 345, 'name': 'Agrupamento da Demanda', 'value': ''}, {'id': 252, 'name': 'Gestor', 'value': 'SEPLAN'}, {'id': 234, 'name': 'Projeto', 'value': '0'}, {'id': 271, 'name': 'Versão Caso de Uso', 'value': '1'}, {'id': 237, 'name': 'Data Prevista Desenvolvimento', 'value': ''}, {'id': 238, 'name': 'Data Prevista Teste', 'value': ''}, {'id': 396, 'name': 'Time FIPLAN', 'value': ''}]",2025-05-09T12:27:15Z,2025-05-09T12:27:15Z,FIPLAN:Evolutiva,200,Especificação: Em andamento,Padrão,Ligia Simone Vianna,Ligia Simone Vianna,Tabelas | Parâmetros,
208471,Conciliação Bancária Extrato - Conciliar - Confirmação da operação - erro na validação da quantidade de dias parametrizadas para linhas do extrato,"[{'id': 340, 'name': 'FIPLAN 2.0', 'value': '1'}, {'id': 33, 'name': 'Legado', 'value': '0'}, {'id': 252, 'name': 'Gestor', 'value': 'SEFAZ'}, {'id': 396, 'name': 'Time FIPLAN', 'value': ''}]",2025-05-09T12:10:06Z,2025-05-09T12:13:07Z,FIPLAN:Erro,156,Desenvolvimento: A fazer,Padrão,Marcio Anton Hadad,FIPLAN_SEFAZ_TIME 04,,
208470,"Relato sobre a Iniciativa - 2024-2027 - Anos 2,3 e 4 - Demanda 2 - Quadro de Execução Física não Planejada não carrega","[{'id': 340, 'name': 'FIPLAN 2.0', 'value': '1'}, {'id': 33, 'name': 'Legado', 'value': '0'}, {'id': 252, 'name': 'Gestor', 'value': 'SEPLAN'}, {'id': 396, 'name': 'Time FIPLAN', 'value': 'SEPLAN - Time 02'}]",2025-05-09T11:56:55Z,2025-05-09T11:58:28Z,FIPLAN:Erro,156,Desenvolvimento: A fazer,Padrão,Ligia Simone Vianna,FIPLAN_SEPLAN_TIME 02,,
208469,Conciliação Bancária Extrato - Conciliar - Confirmação da operação - erro na mensagem de validação,"[{'id': 340, 'name': 'FIPLAN 2.0', 'value': '1'}, {'id': 33, 'name': 'Legado', 'value': '0'}, {'id': 252, 'name': 'Gestor', 'value': 'SEFAZ'}, {'id': 396, 'name': 'Time FIPLAN', 'value': ''}]",2025-05-08T21:03:03Z,2025-05-09T11:51:58Z,FIPLAN:Erro,156,Desenvolvimento: A fazer,Padrão,Marcio Anton Hadad,FIPLAN_SEFAZ_TIME 04,,
208468,Conciliação Bancária Extrato - Conciliar - Confirmação da operação - sem sair da tela após confirmação e mensagem de não alteração,"[{'id': 340, 'name': 'FIPLAN 2.0', 'value': '1'}, {'id': 33, 'name': 'Legado', 'value': '0'}, {'id': 252, 'name': 'Gestor', 'value': 'SEFAZ'}, {'id': 396, 'name': 'Time FIPLAN', 'value': ''}]",2025-05-08T20:41:22Z,2025-05-09T11:50:49Z,FIPLAN:Erro,156,Desenvolvimento: A fazer,Padrão,Marcio Anton Hadad,FIPLAN_SEFAZ_TIME 04,,
208467,Ao remover os registros na grid na tela inicial os filtros não recarregam com os novos dados,"[{'id': 371, 'name': 'Data de Entrega', 'value': ''}]",2025-05-08T20:33:09Z,2025-05-09T11:50:28Z,FIPLAN:Atividade,73,Feito,Padrão,Gabriel Mendes de Souza,Isai Martins Rodrigues,,207646.0
208466,Erro no filtro do subproduto da tela inicial,"[{'id': 371, 'name': 'Data de Entrega', 'value': ''}]",2025-05-08T20:32:06Z,2025-05-09T12:30:06Z,FIPLAN:Atividade,73,Feito,Padrão,Gabriel Mendes de Souza,Isai Martins Rodrigues,,207646.0
208465,Erro ao informar o subtema na tela inicial e após isso limpar o filtro pelo botão,"[{'id': 371, 'name': 'Data de Entrega', 'value': ''}]",2025-05-08T20:31:11Z,2025-05-09T13:02:28Z,FIPLAN:Atividade,73,Feito,Padrão,Gabriel Mendes de Souza,Gabriel Mendes de Souza,,207646.0
208462,Conciliação Bancária Extrato - Conciliar - Confirmação da operação - erro na pesquisa padrão ao entrar na tela,"[{'id': 340, 'name': 'FIPLAN 2.0', 'value': '1'}, {'id': 33, 'name': 'Legado', 'value': '0'}, {'id': 252, 'name': 'Gestor', 'value': 'SEFAZ'}, {'id': 396, 'name': 'Time FIPLAN', 'value': ''}]",2025-05-08T20:03:28Z,2025-05-09T18:14:35Z,FIPLAN:Erro,114,Desenvolvimento: Em andamento,Padrão,Marcio Anton Hadad,FIPLAN_MERGE,,
208460,F.A 5.2.36 Alteração dos filtros de pesquisa,"[{'id': 371, 'name': 'Data de Entrega', 'value': ''}]",2025-05-08T19:59:01Z,2025-05-09T18:38:18Z,FIPLAN:Atividade,154,A fazer,Padrão,Douglas de Jesus Fonseca,,,208120.0
208459,F.A 2.2.66 Período com data maior que data atual (Data Futura),"[{'id': 371, 'name': 'Data de Entrega', 'value': ''}]",2025-05-08T19:58:46Z,2025-05-09T18:41:25Z,FIPLAN:Atividade,73,Feito,Padrão,Douglas de Jesus Fonseca,Douglas de Jesus Fonseca,,208120.0
208458,F.A 2.2.47 Período com data menor que o início da conciliação,"[{'id': 371, 'name': 'Data de Entrega', 'value': ''}]",2025-05-08T19:58:24Z,2025-05-09T18:21:01Z,FIPLAN:Atividade,73,Feito,Padrão,Douglas de Jesus Fonseca,Douglas de Jesus Fonseca,,208120.0
208457,F.A 2.2.39 Período do EXTRATO não permitido para conta bancária diferente de CUTE - Com filtro,"[{'id': 371, 'name': 'Data de Entrega', 'value': ''}]",2025-05-08T19:58:09Z,2025-05-09T17:24:02Z,FIPLAN:Atividade,73,Feito,Padrão,Douglas de Jesus Fonseca,Douglas de Jesus Fonseca,,208120.0
208456,F.A 2.2.26 Busca sem resultado,"[{'id': 371, 'name': 'Data de Entrega', 'value': ''}]",2025-05-08T19:57:55Z,2025-05-09T18:50:13Z,FIPLAN:Atividade,154,A fazer,Padrão,Douglas de Jesus Fonseca,,,208120.0
208455,F.A 2.2.4  Período do EXTRATO não permitido para conta bancaria CUTE - com filtro situação,"[{'id': 371, 'name': 'Data de Entrega', 'value': ''}]",2025-05-08T19:57:23Z,2025-05-09T17:19:57Z,FIPLAN:Atividade,73,Feito,Padrão,Douglas de Jesus Fonseca,Douglas de Jesus Fonseca,,208120.0
208454,FA: 2.2.2 Período inválido,"[{'id': 371, 'name': 'Data de Entrega', 'value': ''}]",2025-05-08T19:57:11Z,2025-05-09T14:47:05Z,FIPLAN:Atividade,73,Feito,Padrão,Douglas de Jesus Fonseca,Douglas de Jesus Fonseca,,208120.0
208453,O sistema deve disponibilizar a opção de pesquisa Carregar Valores (ação pesquisar) Endpoint,"[{'id': 371, 'name': 'Data de Entrega', 'value': ''}]",2025-05-08T19:55:35Z,2025-05-09T14:26:57Z,FIPLAN:Atividade,73,Feito,Padrão,Douglas de Jesus Fonseca,Douglas de Jesus Fonseca,,208120.0
208452,Atualizar versão do Vue para 2.7.16,"[{'id': 340, 'name': 'FIPLAN 2.0', 'value': '1'}, {'id': 149, 'name': 'Impacto BDCE', 'value': ''}, {'id': 174, 'name': 'Complexidade da Demanda', 'value': ''}, {'id': 221, 'name': 'PF Estimado', 'value': ''}, {'id': 345, 'name': 'Agrupamento da Demanda', 'value': ''}, {'id': 252, 'name': 'Gestor', 'value': 'SEFAZ'}, {'id': 271, 'name': 'Versão Caso de Uso', 'value': ''}, {'id': 237, 'name': 'Data Prevista Desenvolvimento', 'value': ''}, {'id': 238, 'name': 'Data Prevista Teste', 'value': ''}, {'id': 396, 'name': 'Time FIPLAN', 'value': ''}]",2025-05-08T19:45:38Z,2025-05-08T19:45:45Z,FIPLAN:Adaptativa,156,Desenvolvimento: A fazer,Padrão,Aritana  Bahia Schlumbom,Aritana  Bahia Schlumbom,,
208450,Alterar tabela modalidade_aplicacao de (Modalidade de Aplicação) - incluir ID_USUARIO_ALTERACAO,"[{'id': 149, 'name': 'Impacto BDCE', 'value': 'Não'}, {'id': 345, 'name': 'Agrupamento da Demanda', 'value': ''}, {'id': 252, 'name': 'Gestor', 'value': 'SEPLAN'}]",2025-05-08T19:37:37Z,2025-05-09T13:05:41Z,FIPLAN:Modelo de Dados,162,Backlog: Validação,Padrão,Daniele Correa,Daniele Correa,Tabelas | Orçamentária,
208449,TABELA ACWTB0079 - CPF ALFANUMÉRICO ,"[{'id': 149, 'name': 'Impacto BDCE', 'value': ''}, {'id': 345, 'name': 'Agrupamento da Demanda', 'value': ''}, {'id': 252, 'name': 'Gestor', 'value': 'SEFAZ'}]",2025-05-08T19:34:50Z,2025-05-09T14:46:48Z,FIPLAN:Modelo de Dados,147,Backlog: A fazer,Padrão,Cristina de Souza Azevedo,Rosana Machado Araújo Cardoso,Tabelas | Credor,
208447,Caso de Uso,"[{'id': 371, 'name': 'Data de Entrega', 'value': ''}]",2025-05-08T19:16:02Z,2025-05-09T18:37:17Z,FIPLAN:Atividade,73,Feito,Padrão,Daniele Correa,Daniele Correa,,208435.0
208444,Obter DAE - Ferramenta para Teste para Cenários de Ocorrências de DAES,"[{'id': 340, 'name': 'FIPLAN 2.0', 'value': '1'}, {'id': 174, 'name': 'Complexidade da Demanda', 'value': 'Média'}, {'id': 221, 'name': 'PF Estimado', 'value': '8'}, {'id': 345, 'name': 'Agrupamento da Demanda', 'value': ''}, {'id': 252, 'name': 'Gestor', 'value': 'SEFAZ'}, {'id': 299, 'name': 'Origem Mudança', 'value': 'Requisitos'}, {'id': 271, 'name': 'Versão Caso de Uso', 'value': '1.2'}, {'id': 237, 'name': 'Data Prevista Desenvolvimento', 'value': '2025-05-15'}, {'id': 396, 'name': 'Time FIPLAN', 'value': 'SEFAZ - Time 06'}]",2025-05-08T18:42:28Z,2025-05-09T14:44:52Z,FIPLAN:Mudança,114,Desenvolvimento: Em andamento,Padrão,César Henrique E. Pinho,Leonardo Moraes da Silva,Receita | Realização | DAE,
208443,Homologação - Consultar Histórico de Perfil,"[{'id': 371, 'name': 'Data de Entrega', 'value': '2025-05-08'}]",2025-05-08T18:38:12Z,2025-05-08T18:38:12Z,FIPLAN:Atividade,154,A fazer,Padrão,Ana Poly Ferreira da Silva,Luiza Bitencourt Andrade,,185013.0
208436,Protótipo,"[{'id': 371, 'name': 'Data de Entrega', 'value': ''}]",2025-05-08T18:26:15Z,2025-05-08T19:15:39Z,FIPLAN:Atividade,73,Feito,Padrão,Daniele Correa,Daniele Correa,,208435.0
208435,FIPLAN 2.0 – Manter Modalidade de Aplicação - Usar o padrão implementado conforme padrão 2.0,"[{'id': 340, 'name': 'FIPLAN 2.0', 'value': '1'}, {'id': 149, 'name': 'Impacto BDCE', 'value': ''}, {'id': 174, 'name': 'Complexidade da Demanda', 'value': 'Baixa'}, {'id': 221, 'name': 'PF Estimado', 'value': '3'}, {'id': 345, 'name': 'Agrupamento da Demanda', 'value': ''}, {'id': 252, 'name': 'Gestor', 'value': 'SEPLAN'}, {'id': 271, 'name': 'Versão Caso de Uso', 'value': '2.0'}, {'id': 237, 'name': 'Data Prevista Desenvolvimento', 'value': ''}, {'id': 238, 'name': 'Data Prevista Teste', 'value': ''}, {'id': 396, 'name': 'Time FIPLAN', 'value': 'SEPLAN - Sustentação'}]",2025-05-08T18:20:52Z,2025-05-09T18:38:03Z,FIPLAN:Adaptativa,156,Desenvolvimento: A fazer,Padrão,Daniele Correa,FIPLAN_SEPLAN_Sustentação,Tabelas | Orçamentária,
208433,FIPLAN 2.0 - Migração - Revisão dos Padrões para Tabelas Básicas migradas - parte 6,"[{'id': 368, 'name': 'Rastro FIPLAN', 'value': ''}, {'id': 340, 'name': 'FIPLAN 2.0', 'value': '1'}, {'id': 149, 'name': 'Impacto BDCE', 'value': ''}, {'id': 334, 'name': 'Backlog', 'value': '1'}, {'id': 221, 'name': 'PF Estimado', 'value': ''}, {'id': 333, 'name': 'Esforço', 'value': ''}, {'id': 345, 'name': 'Agrupamento da Demanda', 'value': ''}, {'id': 252, 'name': 'Gestor', 'value': 'SEPLAN'}, {'id': 342, 'name': 'Data Entrega Homologação', 'value': ''}, {'id': 235, 'name': 'Data Prevista Implantação', 'value': ''}, {'id': 396, 'name': 'Time FIPLAN', 'value': 'SEPLAN - Sustentação'}]",2025-05-08T18:06:30Z,2025-05-08T18:16:10Z,FIPLAN:Demanda,200,Especificação: Em andamento,Padrão,Daniele Correa,Daniele Correa,Tabelas | Orçamentária,
208432,Carga de UG inativa - Do exercício 2020 até o exercício 2025,"[{'id': 267, 'name': 'Classificação da Demanda', 'value': 'Sustentação'}, {'id': 334, 'name': 'Backlog', 'value': ''}, {'id': 225, 'name': 'Data Desejada', 'value': ''}, {'id': 252, 'name': 'Gestor', 'value': 'SEFAZ'}]",2025-05-08T18:06:17Z,2025-05-09T19:35:15Z,FIPLAN:Gestor,155,Em andamento,Urgente,Ramon Francisco das Mercês Santos,Ramon Francisco das Mercês Santos,,
208431,Ao adicionar um registro com IDF=Estado/CP=Complexo o combo de subproduto não carrega as informações,"[{'id': 371, 'name': 'Data de Entrega', 'value': ''}]",2025-05-08T18:05:43Z,2025-05-08T20:30:11Z,FIPLAN:Atividade,73,Feito,Padrão,Gabriel Mendes de Souza,Gabriel Mendes de Souza,,207646.0
208423,"Relato sobre a Iniciativa - 2024-2027 - Anos 2,3 e 4 - Demanda 2 - ACWVW1089","[{'id': 149, 'name': 'Impacto BDCE', 'value': ''}, {'id': 345, 'name': 'Agrupamento da Demanda', 'value': ''}, {'id': 252, 'name': 'Gestor', 'value': 'SEPLAN'}]",2025-05-08T17:29:24Z,2025-05-08T19:21:57Z,FIPLAN:Modelo de Dados,164,Teste: Validação,Padrão,Rafael Pinto Vieira dos Santos,Fiplan Arquitetura,PLAN | M&A | Monitoramento,
208422,"Relato sobre a Iniciativa - 2024-2027 - Anos 2,3 e 4 - Demanda 2 - ACWVW0767","[{'id': 149, 'name': 'Impacto BDCE', 'value': ''}, {'id': 345, 'name': 'Agrupamento da Demanda', 'value': ''}, {'id': 252, 'name': 'Gestor', 'value': 'SEPLAN'}]",2025-05-08T17:26:26Z,2025-05-09T14:46:16Z,FIPLAN:Modelo de Dados,164,Teste: Validação,Padrão,Rafael Pinto Vieira dos Santos,Fiplan Arquitetura,PLAN | M&A | Monitoramento,
208412,Tempo de merge em TI,"[{'id': 371, 'name': 'Data de Entrega', 'value': ''}]",2025-05-08T15:04:49Z,2025-05-08T15:04:49Z,FIPLAN:Atividade,154,A fazer,Padrão,Ana Maria Souza Ribeiro,,,206898.0
208411,PPA 2024-2027: Plan 04 - Cadastro do Plano Plurianual: Alterar nome do filtro,"[{'id': 340, 'name': 'FIPLAN 2.0', 'value': '0'}, {'id': 149, 'name': 'Impacto BDCE', 'value': ''}, {'id': 174, 'name': 'Complexidade da Demanda', 'value': 'Baixa'}, {'id': 221, 'name': 'PF Estimado', 'value': '4'}, {'id': 345, 'name': 'Agrupamento da Demanda', 'value': ''}, {'id': 252, 'name': 'Gestor', 'value': 'SEPLAN'}, {'id': 271, 'name': 'Versão Caso de Uso', 'value': '5.0'}, {'id': 237, 'name': 'Data Prevista Desenvolvimento', 'value': ''}, {'id': 238, 'name': 'Data Prevista Teste', 'value': ''}, {'id': 396, 'name': 'Time FIPLAN', 'value': 'SEPLAN - Sustentação'}]",2025-05-08T15:03:38Z,2025-05-08T18:26:49Z,FIPLAN:Adaptativa,156,Desenvolvimento: A fazer,Padrão,Priscila Carvalho Ramos,FIPLAN_SEPLAN_Sustentação,REL Planejamento | PPA,
208404,Homologação - Excluir Perfil,"[{'id': 371, 'name': 'Data de Entrega', 'value': '2025-05-08'}]",2025-05-08T14:20:42Z,2025-05-08T14:20:42Z,FIPLAN:Atividade,154,A fazer,Padrão,Ana Poly Ferreira da Silva,Luiza Bitencourt Andrade,,185013.0
208402,Homologação - Alterar Perfil,"[{'id': 371, 'name': 'Data de Entrega', 'value': '2025-05-08'}]",2025-05-08T14:16:22Z,2025-05-08T14:16:22Z,FIPLAN:Atividade,154,A fazer,Padrão,Ana Poly Ferreira da Silva,Luiza Bitencourt Andrade,,185013.0
208401,PPA 2024-2027: Plan 04 - Cadastro do Plano Plurianual: Alterar nome do filtro,"[{'id': 368, 'name': 'Rastro FIPLAN', 'value': ''}, {'id': 340, 'name': 'FIPLAN 2.0', 'value': '0'}, {'id': 149, 'name': 'Impacto BDCE', 'value': ''}, {'id': 334, 'name': 'Backlog', 'value': '1'}, {'id': 221, 'name': 'PF Estimado', 'value': '4'}, {'id': 333, 'name': 'Esforço', 'value': '4'}, {'id': 345, 'name': 'Agrupamento da Demanda', 'value': ''}, {'id': 252, 'name': 'Gestor', 'value': 'SEPLAN'}, {'id': 342, 'name': 'Data Entrega Homologação', 'value': ''}, {'id': 235, 'name': 'Data Prevista Implantação', 'value': ''}, {'id': 396, 'name': 'Time FIPLAN', 'value': 'SEPLAN - Sustentação'}]",2025-05-08T14:16:00Z,2025-05-09T17:49:42Z,FIPLAN:Demanda,156,Desenvolvimento: A fazer,Padrão,Carla Ramos Campos ,Priscila Carvalho Ramos,REL Planejamento | PPA,
208400,FOLHA - Fase 2 - Regularização da Folha - Vinculação Credor Folha (parte 1),"[{'id': 340, 'name': 'FIPLAN 2.0', 'value': '1'}, {'id': 33, 'name': 'Legado', 'value': '0'}, {'id': 252, 'name': 'Gestor', 'value': 'SEFAZ'}, {'id': 396, 'name': 'Time FIPLAN', 'value': ''}]",2025-05-08T14:10:11Z,2025-05-09T18:00:29Z,FIPLAN:Erro,149,Teste: A fazer,Padrão,Alessandra Leal Bertani,Alessandra Leal Bertani,,
208396,Ajuste da consulta FPI no legado para contemplar os novos erros da carga,"[{'id': 340, 'name': 'FIPLAN 2.0', 'value': '0'}, {'id': 33, 'name': 'Legado', 'value': '1'}, {'id': 252, 'name': 'Gestor', 'value': 'SEFAZ'}, {'id': 396, 'name': 'Time FIPLAN', 'value': ''}]",2025-05-08T13:58:44Z,2025-05-09T11:29:52Z,FIPLAN:Erro,149,Teste: A fazer,Padrão,Alessandra Leal Bertani,Alessandra Leal Bertani,,
208394,Fase 2 - Regularização da Folha - Carga da Folha - Etapa 3,"[{'id': 340, 'name': 'FIPLAN 2.0', 'value': '1'}, {'id': 33, 'name': 'Legado', 'value': '0'}, {'id': 252, 'name': 'Gestor', 'value': 'SEFAZ'}, {'id': 396, 'name': 'Time FIPLAN', 'value': ''}]",2025-05-08T13:53:14Z,2025-05-09T14:12:48Z,FIPLAN:Erro,114,Desenvolvimento: Em andamento,Padrão,Alessandra Leal Bertani,FIPLAN_MERGE,,
208388,Incluir Tributo Orçamentário com Base,"[{'id': 28, 'name': 'Origem do Defeito', 'value': 'Teste Integrado - Equipe Requisitos'}, {'id': 340, 'name': 'FIPLAN 2.0', 'value': '1'}, {'id': 174, 'name': 'Complexidade da Demanda', 'value': ''}, {'id': 334, 'name': 'Backlog', 'value': '0'}, {'id': 221, 'name': 'PF Estimado', 'value': '0'}, {'id': 252, 'name': 'Gestor', 'value': 'SEFAZ'}, {'id': 396, 'name': 'Time FIPLAN', 'value': 'SEFAZ - Sustentação'}]",2025-05-08T13:21:32Z,2025-05-09T17:33:13Z,FIPLAN:Corretiva,114,Desenvolvimento: Em andamento,Padrão,Tárcio Henrique  Gomes Barbosa,FIPLAN_MERGE,Tabelas | Arrecadação,
208384,Ajustar componente BotoesMolduraFiplan para permitir adicionar botão via slot,"[{'id': 340, 'name': 'FIPLAN 2.0', 'value': '1'}, {'id': 149, 'name': 'Impacto BDCE', 'value': ''}, {'id': 174, 'name': 'Complexidade da Demanda', 'value': 'Baixa'}, {'id': 221, 'name': 'PF Estimado', 'value': ''}, {'id': 345, 'name': 'Agrupamento da Demanda', 'value': 'GESTÃO DE USUÁRIO'}, {'id': 252, 'name': 'Gestor', 'value': 'SEFAZ'}, {'id': 271, 'name': 'Versão Caso de Uso', 'value': ''}, {'id': 237, 'name': 'Data Prevista Desenvolvimento', 'value': ''}, {'id': 238, 'name': 'Data Prevista Teste', 'value': '2025-05-09'}, {'id': 396, 'name': 'Time FIPLAN', 'value': 'SEFAZ - Time 02'}]",2025-05-08T13:11:33Z,2025-05-09T16:56:09Z,FIPLAN:Adaptativa,5,Fechado,Padrão,Mateus Soares da Rocha,Ana Poly Ferreira da Silva,Gestão | Segurança,
208378,"Relato sobre a Iniciativa - 2024-2027 - Anos 2,3 e 4 - Demanda 2 - Quadro de Execução Físico e Financeiro","[{'id': 340, 'name': 'FIPLAN 2.0', 'value': '1'}, {'id': 33, 'name': 'Legado', 'value': '1'}, {'id': 252, 'name': 'Gestor', 'value': 'SEPLAN'}, {'id': 396, 'name': 'Time FIPLAN', 'value': 'SEPLAN - Time 02'}]",2025-05-08T12:26:33Z,2025-05-08T19:41:27Z,FIPLAN:Erro,114,Desenvolvimento: Em andamento,Padrão,Ligia Simone Vianna,Rafael Pinto Vieira dos Santos,,
208376,"A data de Arrecadação, formatar a coluna na grid de Detalhes da Execução","[{'id': 371, 'name': 'Data de Entrega', 'value': '2025-05-09'}]",2025-05-08T12:13:51Z,2025-05-09T18:01:43Z,FIPLAN:Atividade,73,Feito,Padrão,Sabrina de Lima Campos,Thiago Costa Vieira Borges Miranda,,208371.0
208374,Adicionar a coluna Descrição da Ocorrência na grid Detalhes da Execução,"[{'id': 371, 'name': 'Data de Entrega', 'value': '2025-05-08'}]",2025-05-08T12:01:55Z,2025-05-08T14:38:25Z,FIPLAN:Atividade,73,Feito,Padrão,Sabrina de Lima Campos,Sabrina de Lima Campos,,208371.0
208373,"Adicionar a coluna Usuario de Cadastro, na grid da tela de consulta principal","[{'id': 371, 'name': 'Data de Entrega', 'value': '2025-05-08'}]",2025-05-08T12:00:09Z,2025-05-08T16:51:15Z,FIPLAN:Atividade,73,Feito,Padrão,Sabrina de Lima Campos,Thiago Costa Vieira Borges Miranda,,208371.0
208372,No exportar do detalhes da execução corrigir os filtros,"[{'id': 371, 'name': 'Data de Entrega', 'value': '2025-05-09'}]",2025-05-08T11:58:59Z,2025-05-08T20:25:17Z,FIPLAN:Atividade,73,Feito,Padrão,Sabrina de Lima Campos,Thiago Costa Vieira Borges Miranda,,208371.0
208371,Correções do checklist,"[{'id': 371, 'name': 'Data de Entrega', 'value': '2025-05-21'}]",2025-05-08T11:57:05Z,2025-05-08T18:46:41Z,FIPLAN:Atividade,71,Fazendo,Padrão,Sabrina de Lima Campos,Thiago Costa Vieira Borges Miranda,,206339.0
208367,Gestão de Usuários - Alterar Perfil - Não está gravando a informação do Usuário de Inativação no vínculo do usuário com Perfil inativado,"[{'id': 340, 'name': 'FIPLAN 2.0', 'value': '1'}, {'id': 174, 'name': 'Complexidade da Demanda', 'value': 'Baixa'}, {'id': 221, 'name': 'PF Estimado', 'value': '2'}, {'id': 345, 'name': 'Agrupamento da Demanda', 'value': 'GESTÃO DE USUÁRIO'}, {'id': 252, 'name': 'Gestor', 'value': 'SEFAZ'}, {'id': 299, 'name': 'Origem Mudança', 'value': 'Requisitos'}, {'id': 271, 'name': 'Versão Caso de Uso', 'value': '1.6'}, {'id': 237, 'name': 'Data Prevista Desenvolvimento', 'value': '2025-05-09'}, {'id': 396, 'name': 'Time FIPLAN', 'value': 'SEFAZ - Time 02'}]",2025-05-07T22:06:30Z,2025-05-09T15:49:47Z,FIPLAN:Mudança,114,Desenvolvimento: Em andamento,Padrão,Ana Poly Ferreira da Silva,Gilberto Cosme da Silva,Gestão | Segurança,
208365,Documentos / Receita / Realização / Documento de Arrecadação (DAE) / Processar DAE: Falha na execução de rotina,"[{'id': 28, 'name': 'Origem do Defeito', 'value': 'Teste Integrado - Equipe Requisitos'}, {'id': 340, 'name': 'FIPLAN 2.0', 'value': '0'}, {'id': 174, 'name': 'Complexidade da Demanda', 'value': 'Média'}, {'id': 334, 'name': 'Backlog', 'value': '0'}, {'id': 221, 'name': 'PF Estimado', 'value': '3'}, {'id': 252, 'name': 'Gestor', 'value': 'SEFAZ'}, {'id': 396, 'name': 'Time FIPLAN', 'value': 'SEFAZ - Time 09'}]",2025-05-07T21:10:32Z,2025-05-09T19:00:46Z,FIPLAN:Corretiva,114,Desenvolvimento: Em andamento,Padrão,Cristina de Souza Azevedo,Diogo Henrique  Gomes Rocha,Receita | Realização | DAE,
208362,Erro ao carregar a grid de mapeamento transversalidade ao salvar um registro com idf=municipio e cp=simples,"[{'id': 371, 'name': 'Data de Entrega', 'value': ''}]",2025-05-07T20:31:27Z,2025-05-08T11:22:58Z,FIPLAN:Atividade,73,Feito,Padrão,Gabriel Mendes de Souza,Gabriel Mendes de Souza,,207646.0
208360,Teste unitário,"[{'id': 371, 'name': 'Data de Entrega', 'value': ''}]",2025-05-07T20:26:24Z,2025-05-09T18:32:18Z,FIPLAN:Atividade,73,Feito,Padrão,Ramon Marques,,,207716.0
208359,Tratar validação 2.2.10(adicionar mapeamaneto até município e tentar salvar),"[{'id': 371, 'name': 'Data de Entrega', 'value': ''}]",2025-05-07T20:15:12Z,2025-05-08T19:32:56Z,FIPLAN:Atividade,73,Feito,Padrão,Gabriel Mendes de Souza,Isai Martins Rodrigues,,207646.0
208358,Campos aparecendo como nulos na tela de detalhar(região/Municipio/subproduto),"[{'id': 371, 'name': 'Data de Entrega', 'value': ''}]",2025-05-07T20:14:57Z,2025-05-08T17:43:21Z,FIPLAN:Atividade,73,Feito,Padrão,Gabriel Mendes de Souza,Gabriel Mendes de Souza,,207646.0
208357,Nullpointer ao salvar pela seleção múltipla com registro de região ,"[{'id': 371, 'name': 'Data de Entrega', 'value': ''}]",2025-05-07T20:14:20Z,2025-05-08T11:22:47Z,FIPLAN:Atividade,73,Feito,Padrão,Gabriel Mendes de Souza,Gabriel Mendes de Souza,,207646.0
208356,ajuste filtro parcial,"[{'id': 371, 'name': 'Data de Entrega', 'value': ''}]",2025-05-07T20:13:35Z,2025-05-07T20:13:49Z,FIPLAN:Atividade,73,Feito,Padrão,Gabriel Mendes de Souza,Isai Martins Rodrigues,,207646.0
208353,"Relato sobre a Iniciativa - 2024-2027 - Anos 2,3 e 4 - Demanda 2 - Ações não planejadas de exercício diferente do exercício corrente","[{'id': 340, 'name': 'FIPLAN 2.0', 'value': '1'}, {'id': 174, 'name': 'Complexidade da Demanda', 'value': 'Baixa'}, {'id': 221, 'name': 'PF Estimado', 'value': '3'}, {'id': 345, 'name': 'Agrupamento da Demanda', 'value': ''}, {'id': 252, 'name': 'Gestor', 'value': 'SEPLAN'}, {'id': 299, 'name': 'Origem Mudança', 'value': 'Requisitos'}, {'id': 271, 'name': 'Versão Caso de Uso', 'value': '4.9'}, {'id': 237, 'name': 'Data Prevista Desenvolvimento', 'value': ''}, {'id': 396, 'name': 'Time FIPLAN', 'value': 'SEPLAN - Time 02'}]",2025-05-07T19:41:26Z,2025-05-09T20:16:06Z,FIPLAN:Mudança,114,Desenvolvimento: Em andamento,Padrão,Ligia Simone Vianna,Marcus Vinicius Lima Vidal,PLAN | M&A | Monitoramento,
208346,Gestão de Usuários - Alterar Perfil - Não limpa a informação do Novo Nome do Perfil,"[{'id': 340, 'name': 'FIPLAN 2.0', 'value': '1'}, {'id': 33, 'name': 'Legado', 'value': '0'}, {'id': 252, 'name': 'Gestor', 'value': 'SEFAZ'}, {'id': 396, 'name': 'Time FIPLAN', 'value': ''}]",2025-05-07T19:25:05Z,2025-05-09T15:33:10Z,FIPLAN:Erro,150,Teste: Em andamento,Padrão,Ana Poly Ferreira da Silva,FIPLAN_MERGE,,
208342,Consulta Ambiente de Produção: Acompanhamento - Beneficiário x Ação - Exercício 2024 e 2025,"[{'id': 252, 'name': 'Gestor', 'value': 'SEPLAN'}]",2025-05-07T19:14:40Z,2025-05-09T14:21:55Z,FIPLAN:Consulta,30,Validação,Alto,Daniele Correa,Nara Marise Campelo D'Amorim,PLAN | M&A | Acomp 2024-2027,
208341,Preparar pacote produção,"[{'id': 129, 'name': 'Número RDS', 'value': ''}]",2025-05-07T19:14:24Z,2025-05-08T11:28:30Z,FIPLAN:Pacote,5,Fechado,Padrão,Ari Fragoso de Medeiros Junior,Fiplan Arquitetura,,
208340,Consulta Ambiente de Produção: Acompanhamento - Beneficiário x Ação - Exercício 2024 e 2025,"[{'id': 267, 'name': 'Classificação da Demanda', 'value': 'Sustentação'}, {'id': 334, 'name': 'Backlog', 'value': ''}, {'id': 225, 'name': 'Data Desejada', 'value': ''}, {'id': 252, 'name': 'Gestor', 'value': 'SEPLAN'}]",2025-05-07T19:07:48Z,2025-05-09T14:52:46Z,FIPLAN:Gestor,30,Validação,Alto,Carla Ramos Campos ,Daniele Correa,,
208338,Conciliação Bancária Extrato - Conciliar - Confirmação da operação - erro de gravação - conciliação manual,"[{'id': 340, 'name': 'FIPLAN 2.0', 'value': '1'}, {'id': 33, 'name': 'Legado', 'value': '0'}, {'id': 252, 'name': 'Gestor', 'value': 'SEFAZ'}, {'id': 396, 'name': 'Time FIPLAN', 'value': ''}]",2025-05-07T19:03:09Z,2025-05-08T12:44:10Z,FIPLAN:Erro,156,Desenvolvimento: A fazer,Padrão,Marcio Anton Hadad,FIPLAN_SEFAZ_TIME 04,,
208330,Contabilidade - Consulta Documentos Contábeis - Recursos,"[{'id': 149, 'name': 'Impacto BDCE', 'value': ''}, {'id': 345, 'name': 'Agrupamento da Demanda', 'value': ''}, {'id': 252, 'name': 'Gestor', 'value': 'SEFAZ'}]",2025-05-07T18:33:13Z,2025-05-07T18:44:13Z,FIPLAN:Modelo de Dados,114,Desenvolvimento: Em andamento,Padrão,Alexandre Faria Silveira,Alexandre Faria Silveira,Contabilidade,
208329,"FIPLAN 2.0 – Manter Órgão - Na tela de consulta, ao exportar os dados, o resultado dos campos 'Usuário de Cadastro' e 'Usuário da Última Alteração' estão configurados incorretamente.","[{'id': 340, 'name': 'FIPLAN 2.0', 'value': '1'}, {'id': 33, 'name': 'Legado', 'value': '0'}, {'id': 252, 'name': 'Gestor', 'value': 'SEPLAN'}, {'id': 396, 'name': 'Time FIPLAN', 'value': 'SEPLAN - Sustentação'}]",2025-05-07T18:27:09Z,2025-05-09T17:58:49Z,FIPLAN:Erro,5,Fechado,Padrão,Daniele Correa,Daniele Correa,,
208328,Teste unitário,"[{'id': 371, 'name': 'Data de Entrega', 'value': ''}]",2025-05-07T18:19:32Z,2025-05-08T19:22:16Z,FIPLAN:Atividade,73,Feito,Padrão,Douglas de Jesus Fonseca,Douglas de Jesus Fonseca,,208119.0
208327,Contabilidade - Consulta Documentos Contábeis - ACWVW0783,"[{'id': 149, 'name': 'Impacto BDCE', 'value': ''}, {'id': 345, 'name': 'Agrupamento da Demanda', 'value': ''}, {'id': 252, 'name': 'Gestor', 'value': 'SEFAZ'}]",2025-05-07T18:13:11Z,2025-05-07T18:19:13Z,FIPLAN:Modelo de Dados,114,Desenvolvimento: Em andamento,Padrão,Alexandre Faria Silveira,Alexandre Faria Silveira,Contabilidade,
208321,Carga de UG inativa - Do exercício 2021 até o exercício 2025 Produção,"[{'id': 64, 'name': 'Ambiente', 'value': 'Produção'}, {'id': 296, 'name': 'Justificativa', 'value': 'Conforme solicitação do ticket Gestor #208208\r\n'}, {'id': 345, 'name': 'Agrupamento da Demanda', 'value': ''}, {'id': 252, 'name': 'Gestor', 'value': 'SEFAZ'}]",2025-05-07T16:46:56Z,2025-05-07T19:49:45Z,FIPLAN:Carga de Dados,5,Fechado,Padrão,Tárcio Henrique  Gomes Barbosa,Tárcio Henrique  Gomes Barbosa,,
208319,Testes gerais do desenvolvedor / Preenchimento do checklist de testes,"[{'id': 371, 'name': 'Data de Entrega', 'value': ''}]",2025-05-07T15:57:25Z,2025-05-08T15:04:24Z,FIPLAN:Atividade,154,A fazer,Padrão,Ana Maria Souza Ribeiro,,,206898.0
208318, Realizar os Lançamentos contábeis,"[{'id': 371, 'name': 'Data de Entrega', 'value': ''}]",2025-05-07T15:57:10Z,2025-05-07T15:57:10Z,FIPLAN:Atividade,154,A fazer,Padrão,Ana Maria Souza Ribeiro,,,206898.0
208317,Atualizar o registro do PED,"[{'id': 371, 'name': 'Data de Entrega', 'value': ''}]",2025-05-07T15:56:56Z,2025-05-07T15:56:56Z,FIPLAN:Atividade,154,A fazer,Padrão,Ana Maria Souza Ribeiro,,,206898.0
208316,Implementar persistência em banco de dados ,"[{'id': 371, 'name': 'Data de Entrega', 'value': ''}]",2025-05-07T15:56:29Z,2025-05-07T15:56:29Z,FIPLAN:Atividade,154,A fazer,Padrão,Ana Maria Souza Ribeiro,,,206898.0
208315,Gestão de Usuários - Alterar Perfil - Gravação do histórico vínculo ativado,"[{'id': 340, 'name': 'FIPLAN 2.0', 'value': '1'}, {'id': 174, 'name': 'Complexidade da Demanda', 'value': 'Média'}, {'id': 221, 'name': 'PF Estimado', 'value': '2'}, {'id': 345, 'name': 'Agrupamento da Demanda', 'value': 'GESTÃO DE USUÁRIO'}, {'id': 252, 'name': 'Gestor', 'value': 'SEFAZ'}, {'id': 299, 'name': 'Origem Mudança', 'value': 'Requisitos'}, {'id': 271, 'name': 'Versão Caso de Uso', 'value': '1.6'}, {'id': 237, 'name': 'Data Prevista Desenvolvimento', 'value': ''}, {'id': 396, 'name': 'Time FIPLAN', 'value': 'SEFAZ - Time 02'}]",2025-05-07T15:50:54Z,2025-05-09T15:49:47Z,FIPLAN:Mudança,114,Desenvolvimento: Em andamento,Padrão,Ana Poly Ferreira da Silva,Mateus Soares da Rocha,Gestão | Segurança,
208314, Validar Fonte de Recursos Bahia,"[{'id': 371, 'name': 'Data de Entrega', 'value': ''}]",2025-05-07T15:50:31Z,2025-05-08T15:01:49Z,FIPLAN:Atividade,154,A fazer,Padrão,Ana Maria Souza Ribeiro,,,206898.0
208313, Validar Data de Emissão,"[{'id': 371, 'name': 'Data de Entrega', 'value': ''}]",2025-05-07T15:47:23Z,2025-05-09T20:56:30Z,FIPLAN:Atividade,73,Feito,Padrão,Ana Maria Souza Ribeiro,Ana Maria Souza Ribeiro,,206898.0
208312, Validar numero PED ,"[{'id': 371, 'name': 'Data de Entrega', 'value': ''}]",2025-05-07T15:46:20Z,2025-05-09T16:17:26Z,FIPLAN:Atividade,73,Feito,Padrão,Ana Maria Souza Ribeiro,Ana Maria Souza Ribeiro,,206898.0
208311,Criação de artefatos iniciais,"[{'id': 371, 'name': 'Data de Entrega', 'value': ''}]",2025-05-07T15:45:54Z,2025-05-08T15:00:33Z,FIPLAN:Atividade,73,Feito,Padrão,Ana Maria Souza Ribeiro,Ana Maria Souza Ribeiro,,206898.0
208305,Carga de DAEs - (2025) - Ambiente de Teste Integrado,"[{'id': 64, 'name': 'Ambiente', 'value': 'Teste Integrado'}, {'id': 296, 'name': 'Justificativa', 'value': 'Teste comparativo CNPJ numérico e alfanumérico'}, {'id': 345, 'name': 'Agrupamento da Demanda', 'value': ''}, {'id': 252, 'name': 'Gestor', 'value': 'SEFAZ'}]",2025-05-07T14:05:58Z,2025-05-08T18:10:25Z,FIPLAN:Carga de Dados,5,Fechado,Padrão,Cristina de Souza Azevedo,Cristina de Souza Azevedo,,
208297,Criação da trigger ACWTG1086_INTEGRIDADE_UPDATE,"[{'id': 149, 'name': 'Impacto BDCE', 'value': ''}, {'id': 345, 'name': 'Agrupamento da Demanda', 'value': ''}, {'id': 252, 'name': 'Gestor', 'value': 'SEFAZ'}]",2025-05-07T13:10:36Z,2025-05-07T13:10:36Z,FIPLAN:Modelo de Dados,114,Desenvolvimento: Em andamento,Padrão,Pablo Oliveira da Silva,FIPLAN_SEFAZ_TIME 03,Despesa | Exec | Det Fatura,
208296,Criação da trigger ACWTG1086_INTEGRIDADE_INSERT,"[{'id': 149, 'name': 'Impacto BDCE', 'value': ''}, {'id': 345, 'name': 'Agrupamento da Demanda', 'value': ''}, {'id': 252, 'name': 'Gestor', 'value': 'SEFAZ'}]",2025-05-07T13:08:27Z,2025-05-07T13:08:27Z,FIPLAN:Modelo de Dados,114,Desenvolvimento: Em andamento,Padrão,Pablo Oliveira da Silva,FIPLAN_SEFAZ_TIME 03,Despesa | Exec | Det Fatura,
208295,Atualização da trigger ACWTG0363_INTEGRIDADE,"[{'id': 149, 'name': 'Impacto BDCE', 'value': ''}, {'id': 345, 'name': 'Agrupamento da Demanda', 'value': ''}, {'id': 252, 'name': 'Gestor', 'value': 'SEFAZ'}]",2025-05-07T13:04:48Z,2025-05-07T13:04:48Z,FIPLAN:Modelo de Dados,114,Desenvolvimento: Em andamento,Padrão,Pablo Oliveira da Silva,FIPLAN_SEFAZ_TIME 03,Despesa | Exec | Det Fatura,
208293,Atualização Banco de Homologação: PTA e Teto Orçamentário- 2025,"[{'id': 64, 'name': 'Ambiente', 'value': 'Homologação'}, {'id': 296, 'name': 'Justificativa', 'value': 'Esta solicitação é para a SPO realizar a homologação das mudanças do Teto e da Memória de Cálculo.'}, {'id': 345, 'name': 'Agrupamento da Demanda', 'value': ''}, {'id': 252, 'name': 'Gestor', 'value': 'SEPLAN'}]",2025-05-07T13:01:04Z,2025-05-07T16:53:18Z,FIPLAN:Correção de Dados,30,Validação,Padrão,Priscila Carvalho Ramos,Priscila Carvalho Ramos,,
208292,Fiplan - Log referente a alteração de NR's,"[{'id': 267, 'name': 'Classificação da Demanda', 'value': 'Sustentação'}, {'id': 334, 'name': 'Backlog', 'value': ''}, {'id': 225, 'name': 'Data Desejada', 'value': ''}, {'id': 252, 'name': 'Gestor', 'value': 'SEFAZ'}]",2025-05-07T12:38:18Z,2025-05-09T17:59:04Z,FIPLAN:Gestor,155,Em andamento,Padrão,Wellington  das Virgens Correia Júnior,FIPLAN Liderança SEFAZ,,
208287,Ajustes - Dev C,"[{'id': 371, 'name': 'Data de Entrega', 'value': ''}]",2025-05-07T11:12:27Z,2025-05-08T17:10:59Z,FIPLAN:Atividade,73,Feito,Padrão,Marcus Vinicius Lima Vidal,Rafael Pinto Vieira dos Santos,,206799.0
208286,Ajustes - Dev B,"[{'id': 371, 'name': 'Data de Entrega', 'value': ''}]",2025-05-07T11:12:10Z,2025-05-08T13:06:55Z,FIPLAN:Atividade,73,Feito,Padrão,Marcus Vinicius Lima Vidal,Antonio Alves da Cunha Junior,,206799.0
208285,Ajustes - Dev A,"[{'id': 371, 'name': 'Data de Entrega', 'value': ''}]",2025-05-07T11:11:50Z,2025-05-08T16:45:43Z,FIPLAN:Atividade,73,Feito,Padrão,Marcus Vinicius Lima Vidal,Marcus Vinicius Lima Vidal,,206799.0
208284,Atualização Banco de Homologação: PTA e Teto Orçamentário- 2025,"[{'id': 267, 'name': 'Classificação da Demanda', 'value': 'Sustentação'}, {'id': 334, 'name': 'Backlog', 'value': ''}, {'id': 225, 'name': 'Data Desejada', 'value': '2025-05-08'}, {'id': 252, 'name': 'Gestor', 'value': 'SEPLAN'}]",2025-05-06T21:12:59Z,2025-05-07T17:08:37Z,FIPLAN:Gestor,30,Validação,Padrão,Marilia Pedreira,FIPLAN Gestor SEPLAN,,
208283,Gestão de Usuários - Consultar Perfil - Mudança layout - Ajustes largura coluna grids e Label campo 'Categoria do Perfil',"[{'id': 340, 'name': 'FIPLAN 2.0', 'value': '1'}, {'id': 174, 'name': 'Complexidade da Demanda', 'value': 'Baixa'}, {'id': 221, 'name': 'PF Estimado', 'value': '1'}, {'id': 345, 'name': 'Agrupamento da Demanda', 'value': 'GESTÃO DE USUÁRIO'}, {'id': 252, 'name': 'Gestor', 'value': 'SEFAZ'}, {'id': 299, 'name': 'Origem Mudança', 'value': 'Requisitos'}, {'id': 271, 'name': 'Versão Caso de Uso', 'value': '1.6'}, {'id': 237, 'name': 'Data Prevista Desenvolvimento', 'value': '2025-05-09'}, {'id': 396, 'name': 'Time FIPLAN', 'value': 'SEFAZ - Time 02'}]",2025-05-06T20:35:02Z,2025-05-09T14:23:07Z,FIPLAN:Mudança,114,Desenvolvimento: Em andamento,Padrão,Ana Poly Ferreira da Silva,FIPLAN_MERGE,Gestão | Segurança,
208278,Gestão de Usuários - Excluir Perfil - Mudança layout - Ajustes largura coluna grids,"[{'id': 340, 'name': 'FIPLAN 2.0', 'value': '1'}, {'id': 174, 'name': 'Complexidade da Demanda', 'value': 'Baixa'}, {'id': 221, 'name': 'PF Estimado', 'value': '1'}, {'id': 345, 'name': 'Agrupamento da Demanda', 'value': 'GESTÃO DE USUÁRIO'}, {'id': 252, 'name': 'Gestor', 'value': 'SEFAZ'}, {'id': 299, 'name': 'Origem Mudança', 'value': 'Requisitos'}, {'id': 271, 'name': 'Versão Caso de Uso', 'value': '0'}, {'id': 237, 'name': 'Data Prevista Desenvolvimento', 'value': '2025-05-09'}, {'id': 396, 'name': 'Time FIPLAN', 'value': 'SEFAZ - Time 02'}]",2025-05-06T20:18:57Z,2025-05-09T14:23:27Z,FIPLAN:Mudança,114,Desenvolvimento: Em andamento,Padrão,Ana Poly Ferreira da Silva,FIPLAN_MERGE,Gestão | Segurança,
208276,Carga de DAC  - Manutenção 2025 - Simulação de cenário,"[{'id': 64, 'name': 'Ambiente', 'value': 'Manutenção'}, {'id': 296, 'name': 'Justificativa', 'value': 'Realizar carga, via script, da tabela DAC no ambiente de Manutenção 2025, para simulação testes do tkt #208189'}, {'id': 345, 'name': 'Agrupamento da Demanda', 'value': ''}, {'id': 252, 'name': 'Gestor', 'value': 'SEFAZ'}]",2025-05-06T20:10:23Z,2025-05-07T17:41:01Z,FIPLAN:Carga de Dados,5,Fechado,Padrão,Gemima de Freitas Machado Muniz,Gemima de Freitas Machado Muniz,,
208274,Ajustes na tela de Detalhar,"[{'id': 371, 'name': 'Data de Entrega', 'value': ''}]",2025-05-06T20:06:58Z,2025-05-07T17:20:40Z,FIPLAN:Atividade,73,Feito,Padrão,Gabriel Mendes de Souza,Gabriel Mendes de Souza,,207635.0
208273,Gestão de Usuários - Incluir Perfil - Mudança layout - Ajustes largura coluna grids,"[{'id': 340, 'name': 'FIPLAN 2.0', 'value': '1'}, {'id': 174, 'name': 'Complexidade da Demanda', 'value': 'Baixa'}, {'id': 221, 'name': 'PF Estimado', 'value': '1'}, {'id': 345, 'name': 'Agrupamento da Demanda', 'value': 'GESTÃO DE USUÁRIO'}, {'id': 252, 'name': 'Gestor', 'value': 'SEFAZ'}, {'id': 299, 'name': 'Origem Mudança', 'value': 'Requisitos'}, {'id': 271, 'name': 'Versão Caso de Uso', 'value': '0'}, {'id': 237, 'name': 'Data Prevista Desenvolvimento', 'value': '2025-05-09'}, {'id': 396, 'name': 'Time FIPLAN', 'value': 'SEFAZ - Time 02'}]",2025-05-06T20:04:13Z,2025-05-09T14:22:39Z,FIPLAN:Mudança,114,Desenvolvimento: Em andamento,Padrão,Ana Poly Ferreira da Silva,FIPLAN_MERGE,Gestão | Segurança,
208272,Migração Credor - Incluir Credor - Pessoa Física - ACWTB0079,"[{'id': 340, 'name': 'FIPLAN 2.0', 'value': '1'}, {'id': 33, 'name': 'Legado', 'value': '0'}, {'id': 252, 'name': 'Gestor', 'value': 'SEFAZ'}, {'id': 396, 'name': 'Time FIPLAN', 'value': 'SEFAZ - Time 05'}]",2025-05-06T19:55:37Z,2025-05-09T13:20:35Z,FIPLAN:Erro,156,Desenvolvimento: A fazer,Padrão,Manuela da Silva Costa,FIPLAN_SEFAZ_TIME 05,,
208271,Gestão / Segurança / Acesso de Sistema / Alterar: Falha ao alterar Data Fim de Vigência e Carregar Data Início de Vigência,"[{'id': 28, 'name': 'Origem do Defeito', 'value': 'Homologação'}, {'id': 340, 'name': 'FIPLAN 2.0', 'value': '1'}, {'id': 174, 'name': 'Complexidade da Demanda', 'value': 'Média'}, {'id': 334, 'name': 'Backlog', 'value': '0'}, {'id': 221, 'name': 'PF Estimado', 'value': '3'}, {'id': 252, 'name': 'Gestor', 'value': 'SEFAZ'}, {'id': 396, 'name': 'Time FIPLAN', 'value': ''}]",2025-05-06T19:45:20Z,2025-05-06T19:46:03Z,FIPLAN:Corretiva,156,Desenvolvimento: A fazer,Padrão,Cristina de Souza Azevedo,FIPLAN DEV,Gestão | Segurança,
208268,CONSULTAR CONTINGENCIAMENTO /  DETALHES - Erro Campo Percentual,"[{'id': 340, 'name': 'FIPLAN 2.0', 'value': '1'}, {'id': 33, 'name': 'Legado', 'value': '0'}, {'id': 252, 'name': 'Gestor', 'value': 'SEFAZ'}, {'id': 396, 'name': 'Time FIPLAN', 'value': 'SEFAZ - Time 08'}]",2025-05-06T19:20:46Z,2025-05-08T14:00:15Z,FIPLAN:Erro,5,Fechado,Padrão,MIRIAN ARAUJO ALMEIDA,MIRIAN ARAUJO ALMEIDA,,
208267,Consulta Banco de Produção: Tabelas - Unidade Setorial de Planejamento,"[{'id': 252, 'name': 'Gestor', 'value': 'SEPLAN'}]",2025-05-06T19:17:57Z,2025-05-08T20:25:22Z,FIPLAN:Consulta,5,Fechado,Padrão,Cristiane Menezes S. Santos,Cristiane Menezes S. Santos,Tabelas | Institucional,
208266,Consulta Banco de Produção: Tabelas - Unidade Setorial de Planejamento,"[{'id': 267, 'name': 'Classificação da Demanda', 'value': 'Sustentação'}, {'id': 334, 'name': 'Backlog', 'value': ''}, {'id': 225, 'name': 'Data Desejada', 'value': '2025-05-07'}, {'id': 252, 'name': 'Gestor', 'value': 'SEPLAN'}]",2025-05-06T19:13:18Z,2025-05-08T20:25:41Z,FIPLAN:Gestor,5,Fechado,Padrão,Marilia Pedreira,Cristiane Menezes S. Santos,,
208265,Modificação da Despesa: Contingenciamento Linear - Erro de Arredondamento de Valores que irão compor o BLO,"[{'id': 28, 'name': 'Origem do Defeito', 'value': 'Manutenção'}, {'id': 340, 'name': 'FIPLAN 2.0', 'value': '0'}, {'id': 174, 'name': 'Complexidade da Demanda', 'value': 'Média'}, {'id': 334, 'name': 'Backlog', 'value': '1'}, {'id': 221, 'name': 'PF Estimado', 'value': '4'}, {'id': 252, 'name': 'Gestor', 'value': 'SEPLAN'}, {'id': 396, 'name': 'Time FIPLAN', 'value': 'SEPLAN - Sustentação'}]",2025-05-06T19:07:53Z,2025-05-09T11:44:32Z,FIPLAN:Corretiva,145,Pré-Produção: Em andamento,Urgente,Marcia Figueredo Nunes,Marcia Figueredo Nunes,PLAN | MOD | Contingenciamento,
208261,Carga de UG inativa - Do exercício 2021 até o exercício 2025 Manutenção,"[{'id': 64, 'name': 'Ambiente', 'value': 'Manutenção'}, {'id': 296, 'name': 'Justificativa', 'value': 'Conforme solicitação do ticket Gestor #208208\r\n'}, {'id': 345, 'name': 'Agrupamento da Demanda', 'value': ''}, {'id': 252, 'name': 'Gestor', 'value': 'SEFAZ'}]",2025-05-06T18:57:46Z,2025-05-07T16:44:25Z,FIPLAN:Carga de Dados,5,Fechado,Padrão,Tárcio Henrique  Gomes Barbosa,Tárcio Henrique  Gomes Barbosa,,
208258,MAPEAMENTO APLICAÇÃO / ALTERAÇÃO TIPO CPF - ACWTB0079,"[{'id': 340, 'name': 'FIPLAN 2.0', 'value': '0'}, {'id': 149, 'name': 'Impacto BDCE', 'value': ''}, {'id': 174, 'name': 'Complexidade da Demanda', 'value': 'Média'}, {'id': 221, 'name': 'PF Estimado', 'value': '3'}, {'id': 345, 'name': 'Agrupamento da Demanda', 'value': ''}, {'id': 252, 'name': 'Gestor', 'value': 'SEFAZ'}, {'id': 271, 'name': 'Versão Caso de Uso', 'value': '0.0'}, {'id': 237, 'name': 'Data Prevista Desenvolvimento', 'value': ''}, {'id': 238, 'name': 'Data Prevista Teste', 'value': ''}, {'id': 396, 'name': 'Time FIPLAN', 'value': ''}]",2025-05-06T18:43:29Z,2025-05-08T12:11:30Z,FIPLAN:Adaptativa,156,Desenvolvimento: A fazer,Padrão,Cristina de Souza Azevedo,FIPLAN_SEFAZ_TIME 09,Tabelas | Credor,
208256,Consulta Banco de Produção: PPA 2024-2027 - Programa Especial,"[{'id': 252, 'name': 'Gestor', 'value': 'SEPLAN'}]",2025-05-06T18:32:22Z,2025-05-08T20:24:29Z,FIPLAN:Consulta,5,Fechado,Padrão,Cristiane Menezes S. Santos,Cristiane Menezes S. Santos,PLAN | PPA | PPA 2024 - 2027,
208255,Consulta Banco de Produção: PPA 2024-2027  - Programa Especial,"[{'id': 267, 'name': 'Classificação da Demanda', 'value': 'Sustentação'}, {'id': 334, 'name': 'Backlog', 'value': ''}, {'id': 225, 'name': 'Data Desejada', 'value': '2025-05-07'}, {'id': 252, 'name': 'Gestor', 'value': 'SEPLAN'}]",2025-05-06T18:14:10Z,2025-05-08T20:24:00Z,FIPLAN:Gestor,5,Fechado,Padrão,Marilia Pedreira,Cristiane Menezes S. Santos,,
208254,Monitoramento 2024-2027: Planejamento para M&A: Remover Atividade Crítica da Entrega,"[{'id': 340, 'name': 'FIPLAN 2.0', 'value': '1'}, {'id': 33, 'name': 'Legado', 'value': '0'}, {'id': 252, 'name': 'Gestor', 'value': 'SEPLAN'}, {'id': 396, 'name': 'Time FIPLAN', 'value': 'SEPLAN - Sustentação'}]",2025-05-06T18:03:15Z,2025-05-09T17:42:25Z,FIPLAN:Erro,5,Fechado,Padrão,Cristiane Menezes S. Santos,Cristiane Menezes S. Santos,,
208253,Migração Credor - Incluir Credor - Pessoa Física - Agência,"[{'id': 340, 'name': 'FIPLAN 2.0', 'value': '1'}, {'id': 33, 'name': 'Legado', 'value': '0'}, {'id': 252, 'name': 'Gestor', 'value': 'SEFAZ'}, {'id': 396, 'name': 'Time FIPLAN', 'value': 'SEFAZ - Time 05'}]",2025-05-06T18:00:31Z,2025-05-09T13:20:53Z,FIPLAN:Erro,156,Desenvolvimento: A fazer,Padrão,Manuela da Silva Costa,Jeferson  Brito Santos,,
208252,Migração Credor - Incluir Credor - Pessoa Física - 5.1.2,"[{'id': 340, 'name': 'FIPLAN 2.0', 'value': '1'}, {'id': 33, 'name': 'Legado', 'value': '0'}, {'id': 252, 'name': 'Gestor', 'value': 'SEFAZ'}, {'id': 396, 'name': 'Time FIPLAN', 'value': 'SEFAZ - Time 05'}]",2025-05-06T17:57:13Z,2025-05-09T13:21:10Z,FIPLAN:Erro,156,Desenvolvimento: A fazer,Padrão,Manuela da Silva Costa,Jeferson  Brito Santos,,
208251,Rotina Obter DAE -Erro na quantidade de DAEs executados ,"[{'id': 340, 'name': 'FIPLAN 2.0', 'value': '1'}, {'id': 33, 'name': 'Legado', 'value': '0'}, {'id': 252, 'name': 'Gestor', 'value': 'SEFAZ'}, {'id': 396, 'name': 'Time FIPLAN', 'value': ''}]",2025-05-06T17:36:27Z,2025-05-08T22:27:08Z,FIPLAN:Erro,150,Teste: Em andamento,Padrão,César Henrique E. Pinho,César Henrique E. Pinho,,
208248,CONTABILIDADE / TABELA DE IC (Informações Complementares),"[{'id': 64, 'name': 'Ambiente', 'value': 'Teste Integrado'}, {'id': 296, 'name': 'Justificativa', 'value': 'Tabela de Inserção via Banco de Dados.'}, {'id': 345, 'name': 'Agrupamento da Demanda', 'value': ''}, {'id': 252, 'name': 'Gestor', 'value': 'SEFAZ'}]",2025-05-06T16:55:44Z,2025-05-06T19:48:40Z,FIPLAN:Carga de Dados,5,Fechado,Padrão,Monica  Alves Gomes da Costa,Monica  Alves Gomes da Costa,,
208245,FOLHA - Fase 2 - Alterar a forma de numerar uma nova gestora,"[{'id': 368, 'name': 'Rastro FIPLAN', 'value': ''}, {'id': 340, 'name': 'FIPLAN 2.0', 'value': ''}, {'id': 149, 'name': 'Impacto BDCE', 'value': ''}, {'id': 334, 'name': 'Backlog', 'value': '0'}, {'id': 221, 'name': 'PF Estimado', 'value': ''}, {'id': 333, 'name': 'Esforço', 'value': ''}, {'id': 345, 'name': 'Agrupamento da Demanda', 'value': 'REGULARIZAÇÃO DA FOLHA'}, {'id': 252, 'name': 'Gestor', 'value': 'SEFAZ'}, {'id': 342, 'name': 'Data Entrega Homologação', 'value': ''}, {'id': 235, 'name': 'Data Prevista Implantação', 'value': ''}, {'id': 396, 'name': 'Time FIPLAN', 'value': ''}]",2025-05-06T15:51:56Z,2025-05-06T18:28:41Z,FIPLAN:Demanda,194,Demanda: Pré-Especificação,Padrão,Jenaldo Lucas da Silva e Silva,Alessandra Leal Bertani,Tabelas | Institucional,
208241,"Monitoramento 2024-2027: Customização do M&A 102  - Relatório de Execução do PPA - subrelatório ""Explicação""","[{'id': 340, 'name': 'FIPLAN 2.0', 'value': '0'}, {'id': 33, 'name': 'Legado', 'value': '0'}, {'id': 252, 'name': 'Gestor', 'value': 'SEPLAN'}, {'id': 396, 'name': 'Time FIPLAN', 'value': ''}]",2025-05-06T14:41:00Z,2025-05-08T12:20:58Z,FIPLAN:Erro,6,Cancelado,Padrão,Cristiane Menezes S. Santos,Dyego dos Santos Silva,,
208240,Monitoramento 2024-2027: Customização do M&A 102  - Relatório de Execução do PPA - Label ,"[{'id': 340, 'name': 'FIPLAN 2.0', 'value': '0'}, {'id': 33, 'name': 'Legado', 'value': '0'}, {'id': 252, 'name': 'Gestor', 'value': 'SEPLAN'}, {'id': 396, 'name': 'Time FIPLAN', 'value': 'SEPLAN - Sustentação'}]",2025-05-06T14:40:25Z,2025-05-08T21:08:39Z,FIPLAN:Erro,5,Fechado,Padrão,Cristiane Menezes S. Santos,Cristiane Menezes S. Santos,,
208233,Migração Credor - Incluir Credor - Pessoa Física - FA 2.2.20 e  2.2.21,"[{'id': 340, 'name': 'FIPLAN 2.0', 'value': '1'}, {'id': 33, 'name': 'Legado', 'value': '0'}, {'id': 252, 'name': 'Gestor', 'value': 'SEFAZ'}, {'id': 396, 'name': 'Time FIPLAN', 'value': ''}]",2025-05-06T14:15:26Z,2025-05-08T14:08:09Z,FIPLAN:Erro,6,Cancelado,Padrão,Manuela da Silva Costa,Amauri De Freitas Aquino,,
208232,FIPLAN 2.0 - Revisão dos Padrões - Reconhecimento do Passivo - Erro no horário de cadastro,"[{'id': 340, 'name': 'FIPLAN 2.0', 'value': '1'}, {'id': 33, 'name': 'Legado', 'value': '0'}, {'id': 252, 'name': 'Gestor', 'value': 'SEFAZ'}, {'id': 396, 'name': 'Time FIPLAN', 'value': ''}]",2025-05-06T14:09:39Z,2025-05-06T14:24:21Z,FIPLAN:Erro,156,Desenvolvimento: A fazer,Padrão,Monica  Alves Gomes da Costa,FIPLAN_SEFAZ_TIME 09,,
208227,FIPLAN 2.0 - Revisão dos Padrões - Inclusão do usuário de alteração - Manter Convênio de Arrecadação - ALTERAR CBO,"[{'id': 340, 'name': 'FIPLAN 2.0', 'value': '1'}, {'id': 33, 'name': 'Legado', 'value': '0'}, {'id': 252, 'name': 'Gestor', 'value': 'SEFAZ'}, {'id': 396, 'name': 'Time FIPLAN', 'value': ''}]",2025-05-06T13:38:27Z,2025-05-06T13:38:52Z,FIPLAN:Erro,156,Desenvolvimento: A fazer,Padrão,Gemima de Freitas Machado Muniz,FIPLAN_SEFAZ_TIME 09,,
208226,Migração Credor - Consultar Pessoa Física - Erro,"[{'id': 340, 'name': 'FIPLAN 2.0', 'value': '1'}, {'id': 33, 'name': 'Legado', 'value': '0'}, {'id': 252, 'name': 'Gestor', 'value': 'SEFAZ'}, {'id': 396, 'name': 'Time FIPLAN', 'value': ''}]",2025-05-06T13:33:25Z,2025-05-06T17:16:00Z,FIPLAN:Erro,156,Desenvolvimento: A fazer,Padrão,Manuela da Silva Costa,Jeferson  Brito Santos,,
208224,AcompanhamentoMunicipalService,"[{'id': 371, 'name': 'Data de Entrega', 'value': ''}]",2025-05-06T13:31:58Z,2025-05-06T17:00:37Z,FIPLAN:Atividade,73,Feito,Padrão,Gabriel Mendes de Souza,Isai Martins Rodrigues,,207645.0
208223,IniciativaPPAService,"[{'id': 371, 'name': 'Data de Entrega', 'value': ''}]",2025-05-06T13:31:53Z,2025-05-06T17:44:14Z,FIPLAN:Atividade,73,Feito,Padrão,Gabriel Mendes de Souza,Isai Martins Rodrigues,,207645.0
208222,AcompanhamentoSubProdutoService,"[{'id': 371, 'name': 'Data de Entrega', 'value': ''}]",2025-05-06T13:31:48Z,2025-05-06T17:49:14Z,FIPLAN:Atividade,73,Feito,Padrão,Gabriel Mendes de Souza,Isai Martins Rodrigues,,207645.0
208221,LocalizacaoSubProdutoViewService,"[{'id': 371, 'name': 'Data de Entrega', 'value': ''}]",2025-05-06T13:31:43Z,2025-05-06T18:15:56Z,FIPLAN:Atividade,73,Feito,Padrão,Gabriel Mendes de Souza,Isai Martins Rodrigues,,207645.0
208220,MapeamentoTransversalidadeCustomService,"[{'id': 371, 'name': 'Data de Entrega', 'value': ''}]",2025-05-06T13:31:37Z,2025-05-06T20:04:01Z,FIPLAN:Atividade,73,Feito,Padrão,Gabriel Mendes de Souza,Gabriel Mendes de Souza,,207645.0
208219,MapeamentoTransversalidadeService,"[{'id': 371, 'name': 'Data de Entrega', 'value': ''}]",2025-05-06T13:31:32Z,2025-05-06T16:18:20Z,FIPLAN:Atividade,73,Feito,Padrão,Gabriel Mendes de Souza,Isai Martins Rodrigues,,207645.0
208217,AcaoNaoPlanejadaRelatoIniciativaService,"[{'id': 371, 'name': 'Data de Entrega', 'value': ''}]",2025-05-06T13:04:39Z,2025-05-06T13:36:15Z,FIPLAN:Atividade,73,Feito,Padrão,Rafael Pinto Vieira dos Santos,Rafael Pinto Vieira dos Santos,,206886.0
208214,DocumentoAnexoFiplan - Erro ao clicar em baixar,"[{'id': 340, 'name': 'FIPLAN 2.0', 'value': '1'}, {'id': 33, 'name': 'Legado', 'value': '0'}, {'id': 252, 'name': 'Gestor', 'value': 'SEFAZ'}, {'id': 396, 'name': 'Time FIPLAN', 'value': ''}]",2025-05-06T12:50:55Z,2025-05-09T19:32:15Z,FIPLAN:Erro,5,Fechado,Padrão,Aritana  Bahia Schlumbom,MIRIAN ARAUJO ALMEIDA,,
208212,Incluir/Recompor Contingenciamento - Gravação do PDF incompleto ou corrompido,"[{'id': 28, 'name': 'Origem do Defeito', 'value': 'Desenvolvimento'}, {'id': 340, 'name': 'FIPLAN 2.0', 'value': '0'}, {'id': 174, 'name': 'Complexidade da Demanda', 'value': ''}, {'id': 334, 'name': 'Backlog', 'value': ''}, {'id': 221, 'name': 'PF Estimado', 'value': ''}, {'id': 252, 'name': 'Gestor', 'value': 'SEFAZ'}, {'id': 396, 'name': 'Time FIPLAN', 'value': 'SEFAZ - Time 08'}]",2025-05-06T12:47:50Z,2025-05-09T12:19:52Z,FIPLAN:Corretiva,114,Desenvolvimento: Em andamento,Padrão,Aritana  Bahia Schlumbom,André Fillipe  de Souza Almeida,,
208208,Carga de UG inativa - Do exercício 2020 até o exercício 2025,"[{'id': 267, 'name': 'Classificação da Demanda', 'value': 'Sustentação'}, {'id': 334, 'name': 'Backlog', 'value': ''}, {'id': 225, 'name': 'Data Desejada', 'value': ''}, {'id': 252, 'name': 'Gestor', 'value': 'SEFAZ'}]",2025-05-06T11:49:55Z,2025-05-07T20:11:31Z,FIPLAN:Gestor,5,Fechado,Urgente,Moises Silva de Souza Filho,Tárcio Henrique  Gomes Barbosa,,
208207,Exportar Excel,"[{'id': 371, 'name': 'Data de Entrega', 'value': ''}]",2025-05-06T11:32:31Z,2025-05-07T16:56:33Z,FIPLAN:Atividade,73,Feito,Padrão,Alexandre Faria Silveira,Alexandre Faria Silveira,,200287.0
208206,DOCLAN,"[{'id': 371, 'name': 'Data de Entrega', 'value': ''}]",2025-05-06T11:32:03Z,2025-05-06T19:32:01Z,FIPLAN:Atividade,73,Feito,Padrão,Alexandre Faria Silveira,Alexandre Faria Silveira,,200287.0
208205,Carregar Linhas extratos vinculadas,"[{'id': 371, 'name': 'Data de Entrega', 'value': '2025-05-08'}]",2025-05-06T11:25:32Z,2025-05-08T14:39:03Z,FIPLAN:Atividade,73,Feito,Padrão,Douglas de Jesus Fonseca,Douglas de Jesus Fonseca,,208119.0
208202,Validar Mês aberto ,"[{'id': 371, 'name': 'Data de Entrega', 'value': ''}]",2025-05-06T11:09:19Z,2025-05-06T20:26:27Z,FIPLAN:Atividade,73,Feito,Padrão,Douglas de Jesus Fonseca,Douglas de Jesus Fonseca,,208119.0
208201,Carregar CBO informada,"[{'id': 371, 'name': 'Data de Entrega', 'value': ''}]",2025-05-06T11:07:17Z,2025-05-06T20:27:28Z,FIPLAN:Atividade,73,Feito,Padrão,Douglas de Jesus Fonseca,Douglas de Jesus Fonseca,,208119.0
208200,2.2.72 Linha do extrato selecionada não permitida para ALE,"[{'id': 371, 'name': 'Data de Entrega', 'value': '2025-05-07'}]",2025-05-06T11:06:48Z,2025-05-07T18:58:03Z,FIPLAN:Atividade,73,Feito,Padrão,Douglas de Jesus Fonseca,Douglas de Jesus Fonseca,,208119.0
208199,Exclusão dos DAEs tributários (Validação do ticket Corretiva #207794) Ambiente de Manutenção,"[{'id': 64, 'name': 'Ambiente', 'value': 'Manutenção'}, {'id': 296, 'name': 'Justificativa', 'value': 'Validação do ticket Corretiva #207794'}, {'id': 345, 'name': 'Agrupamento da Demanda', 'value': ''}, {'id': 252, 'name': 'Gestor', 'value': 'SEFAZ'}]",2025-05-05T20:43:59Z,2025-05-06T17:53:48Z,FIPLAN:Correção de Dados,5,Fechado,Padrão,Gemima de Freitas Machado Muniz,Gemima de Freitas Machado Muniz,,
208192,AcompanhamentoSituacaoService,"[{'id': 371, 'name': 'Data de Entrega', 'value': ''}]",2025-05-05T19:57:02Z,2025-05-06T13:04:16Z,FIPLAN:Atividade,73,Feito,Padrão,Rafael Pinto Vieira dos Santos,Rafael Pinto Vieira dos Santos,,206886.0
208189,Receita - Processar DAC  - não gerou o resumo do processamento,"[{'id': 28, 'name': 'Origem do Defeito', 'value': 'Produção'}, {'id': 340, 'name': 'FIPLAN 2.0', 'value': '0'}, {'id': 174, 'name': 'Complexidade da Demanda', 'value': ''}, {'id': 334, 'name': 'Backlog', 'value': '0'}, {'id': 221, 'name': 'PF Estimado', 'value': ''}, {'id': 252, 'name': 'Gestor', 'value': 'SEFAZ'}, {'id': 396, 'name': 'Time FIPLAN', 'value': 'SEFAZ - Sustentação'}]",2025-05-05T19:27:50Z,2025-05-09T14:10:14Z,FIPLAN:Corretiva,146,Pré-Produção: Pronto,Padrão,Gemima de Freitas Machado Muniz,FIPLAN_MERGE,Receita | Realização | DAC,
208186,RelatoIniciativaService,"[{'id': 371, 'name': 'Data de Entrega', 'value': ''}]",2025-05-05T19:05:02Z,2025-05-06T14:29:27Z,FIPLAN:Atividade,73,Feito,Padrão,Marcus Vinicius Lima Vidal,Marcus Vinicius Lima Vidal,,206886.0
208184,Migração Credor - Integração API B-Cadastro - CPF ou CNPJ não encontrado na base de dados da API B-Cadastro,"[{'id': 340, 'name': 'FIPLAN 2.0', 'value': '1'}, {'id': 174, 'name': 'Complexidade da Demanda', 'value': 'Baixa'}, {'id': 221, 'name': 'PF Estimado', 'value': '3'}, {'id': 345, 'name': 'Agrupamento da Demanda', 'value': 'CREDOR'}, {'id': 252, 'name': 'Gestor', 'value': 'SEFAZ'}, {'id': 299, 'name': 'Origem Mudança', 'value': 'Requisitos'}, {'id': 271, 'name': 'Versão Caso de Uso', 'value': '1.2'}, {'id': 237, 'name': 'Data Prevista Desenvolvimento', 'value': ''}, {'id': 396, 'name': 'Time FIPLAN', 'value': 'SEFAZ - Time 05'}]",2025-05-05T19:03:59Z,2025-05-09T13:19:41Z,FIPLAN:Mudança,156,Desenvolvimento: A fazer,Padrão,Manuela da Silva Costa,FIPLAN_SEFAZ_TIME 05,Tabelas | Credor,
208179,Gestão de Usuários - Consultar Histórico de Perfil - Permitir consultar o histórico apenas para os Perfis da área de atuação do usuário,"[{'id': 340, 'name': 'FIPLAN 2.0', 'value': '1'}, {'id': 174, 'name': 'Complexidade da Demanda', 'value': 'Média'}, {'id': 221, 'name': 'PF Estimado', 'value': '3'}, {'id': 345, 'name': 'Agrupamento da Demanda', 'value': 'GESTÃO DE USUÁRIO'}, {'id': 252, 'name': 'Gestor', 'value': 'SEFAZ'}, {'id': 299, 'name': 'Origem Mudança', 'value': 'Requisitos'}, {'id': 271, 'name': 'Versão Caso de Uso', 'value': '1.2'}, {'id': 237, 'name': 'Data Prevista Desenvolvimento', 'value': '2025-05-09'}, {'id': 396, 'name': 'Time FIPLAN', 'value': 'SEFAZ - Time 02'}]",2025-05-05T18:37:14Z,2025-05-09T14:12:45Z,FIPLAN:Mudança,150,Teste: Em andamento,Padrão,Ana Poly Ferreira da Silva,FIPLAN_MERGE,Gestão | Segurança,
208177,AcompanhamentoSubProdutoService,"[{'id': 371, 'name': 'Data de Entrega', 'value': ''}]",2025-05-05T18:00:05Z,2025-05-05T19:56:10Z,FIPLAN:Atividade,73,Feito,Padrão,Rafael Pinto Vieira dos Santos,Rafael Pinto Vieira dos Santos,,206886.0
208176,Relatório do M&A: Acompanhamento: M&A 013 - Dados Físicos e Financeiros da Ação por Região - 2024-2027,"[{'id': 340, 'name': 'FIPLAN 2.0', 'value': '0'}, {'id': 149, 'name': 'Impacto BDCE', 'value': ''}, {'id': 174, 'name': 'Complexidade da Demanda', 'value': 'Média'}, {'id': 221, 'name': 'PF Estimado', 'value': '7'}, {'id': 345, 'name': 'Agrupamento da Demanda', 'value': ''}, {'id': 252, 'name': 'Gestor', 'value': 'SEPLAN'}, {'id': 271, 'name': 'Versão Caso de Uso', 'value': '6.0'}, {'id': 237, 'name': 'Data Prevista Desenvolvimento', 'value': ''}, {'id': 238, 'name': 'Data Prevista Teste', 'value': ''}, {'id': 396, 'name': 'Time FIPLAN', 'value': 'SEPLAN - Sustentação'}]",2025-05-05T17:57:51Z,2025-05-07T19:41:16Z,FIPLAN:Adaptativa,156,Desenvolvimento: A fazer,Padrão,Priscila Carvalho Ramos,FIPLAN_SEPLAN_Sustentação,REL Planejamento | M&A,
208151,Monitoramento 2024-2027: M&A 102  - Erro - Exibindo Apuração do Indicador de Programa sem existir Data de Corte,"[{'id': 340, 'name': 'FIPLAN 2.0', 'value': '0'}, {'id': 174, 'name': 'Complexidade da Demanda', 'value': 'Média'}, {'id': 221, 'name': 'PF Estimado', 'value': '1'}, {'id': 345, 'name': 'Agrupamento da Demanda', 'value': ''}, {'id': 252, 'name': 'Gestor', 'value': 'SEPLAN'}, {'id': 299, 'name': 'Origem Mudança', 'value': 'Requisitos'}, {'id': 271, 'name': 'Versão Caso de Uso', 'value': '3.1'}, {'id': 237, 'name': 'Data Prevista Desenvolvimento', 'value': '2025-05-07'}, {'id': 396, 'name': 'Time FIPLAN', 'value': 'SEPLAN - Sustentação'}]",2025-05-05T17:35:20Z,2025-05-08T21:08:27Z,FIPLAN:Mudança,5,Fechado,Padrão,Cristiane Menezes S. Santos,Cristiane Menezes S. Santos,PLAN | M&A | Monitoramento,
208149,Consultar as Tabelas atualizadas no UC BA_Incluir_Bloqueio_Despesa_Orcamentaria_BLO,"[{'id': 252, 'name': 'Gestor', 'value': 'SEPLAN'}]",2025-05-05T17:34:33Z,2025-05-06T18:21:21Z,FIPLAN:Consulta,5,Fechado,Urgente,Marcia Figueredo Nunes,Marcia Figueredo Nunes,,
208147,FIPLAN 2.0 - Migração. Revisão dos Padrões - Poder e Órgão - Erro consultar,"[{'id': 340, 'name': 'FIPLAN 2.0', 'value': '1'}, {'id': 33, 'name': 'Legado', 'value': '0'}, {'id': 252, 'name': 'Gestor', 'value': 'SEFAZ'}, {'id': 396, 'name': 'Time FIPLAN', 'value': ''}]",2025-05-05T17:20:11Z,2025-05-05T17:30:17Z,FIPLAN:Erro,156,Desenvolvimento: A fazer,Padrão,Monica  Alves Gomes da Costa,FIPLAN_SEFAZ_TIME 09,,
208135,Fiplan - Conciliação Bancária - Ausência Extrato SCU dia 02-05,"[{'id': 267, 'name': 'Classificação da Demanda', 'value': 'Sustentação'}, {'id': 334, 'name': 'Backlog', 'value': ''}, {'id': 225, 'name': 'Data Desejada', 'value': ''}, {'id': 252, 'name': 'Gestor', 'value': 'SEFAZ'}]",2025-05-05T14:15:25Z,2025-05-09T18:42:22Z,FIPLAN:Gestor,5,Fechado,Alto,Camille Galvão de Moura Bouzas,Marcio Anton Hadad,,
208131,Mapear Transversalidade - criar campo indicativo da totalidade ,"[{'id': 149, 'name': 'Impacto BDCE', 'value': 'Não'}, {'id': 345, 'name': 'Agrupamento da Demanda', 'value': ''}, {'id': 252, 'name': 'Gestor', 'value': 'SEPLAN'}]",2025-05-05T13:53:15Z,2025-05-07T13:01:17Z,FIPLAN:Modelo de Dados,162,Backlog: Validação,Padrão,Ighor Leonardo  Santos Silva,Ighor Leonardo  Santos Silva,PLAN | PPA | Programar,
208129,Mapear Transversalidade - retornos de homologação,"[{'id': 340, 'name': 'FIPLAN 2.0', 'value': '1'}, {'id': 149, 'name': 'Impacto BDCE', 'value': ''}, {'id': 174, 'name': 'Complexidade da Demanda', 'value': ''}, {'id': 221, 'name': 'PF Estimado', 'value': ''}, {'id': 345, 'name': 'Agrupamento da Demanda', 'value': ''}, {'id': 252, 'name': 'Gestor', 'value': 'SEPLAN'}, {'id': 271, 'name': 'Versão Caso de Uso', 'value': ''}, {'id': 237, 'name': 'Data Prevista Desenvolvimento', 'value': ''}, {'id': 238, 'name': 'Data Prevista Teste', 'value': ''}, {'id': 396, 'name': 'Time FIPLAN', 'value': ''}]",2025-05-05T13:47:01Z,2025-05-05T13:47:01Z,FIPLAN:Adaptativa,200,Especificação: Em andamento,Padrão,Ighor Leonardo  Santos Silva,Ighor Leonardo  Santos Silva,PLAN | PPA | Programar,
208128,Erro ao incluir Tributo Orçamentário e Tributo cadastrado com erro,"[{'id': 267, 'name': 'Classificação da Demanda', 'value': 'Sustentação'}, {'id': 334, 'name': 'Backlog', 'value': ''}, {'id': 225, 'name': 'Data Desejada', 'value': ''}, {'id': 252, 'name': 'Gestor', 'value': 'SEFAZ'}]",2025-05-05T13:39:18Z,2025-05-06T18:43:17Z,FIPLAN:Gestor,5,Fechado,Urgente,Geisiane Almeida Costa,Gemima de Freitas Machado Muniz,,
208123,Acompanhamento: M&A 011 - Dados Físicos e Financeiros da Ação 2024-2027 - Excel - Mudança,"[{'id': 340, 'name': 'FIPLAN 2.0', 'value': '0'}, {'id': 149, 'name': 'Impacto BDCE', 'value': ''}, {'id': 174, 'name': 'Complexidade da Demanda', 'value': 'Baixa'}, {'id': 221, 'name': 'PF Estimado', 'value': '4'}, {'id': 345, 'name': 'Agrupamento da Demanda', 'value': ''}, {'id': 252, 'name': 'Gestor', 'value': 'SEPLAN'}, {'id': 271, 'name': 'Versão Caso de Uso', 'value': '7.0'}, {'id': 237, 'name': 'Data Prevista Desenvolvimento', 'value': ''}, {'id': 238, 'name': 'Data Prevista Teste', 'value': ''}, {'id': 396, 'name': 'Time FIPLAN', 'value': 'SEFAZ - Sustentação'}]",2025-05-05T12:38:31Z,2025-05-08T19:36:16Z,FIPLAN:Adaptativa,156,Desenvolvimento: A fazer,Padrão,Marcia Figueredo Nunes,FIPLAN_SEPLAN_Sustentação,REL Planejamento | M&A | 2024-2027,
208122,Adicionar funcionalidade de bloquear fechamento do modalConfirm com ESC e de ocultar o botão de 'X' para fechar,"[{'id': 340, 'name': 'FIPLAN 2.0', 'value': '1'}, {'id': 149, 'name': 'Impacto BDCE', 'value': ''}, {'id': 174, 'name': 'Complexidade da Demanda', 'value': 'Baixa'}, {'id': 221, 'name': 'PF Estimado', 'value': ''}, {'id': 345, 'name': 'Agrupamento da Demanda', 'value': ''}, {'id': 252, 'name': 'Gestor', 'value': 'SEFAZ'}, {'id': 271, 'name': 'Versão Caso de Uso', 'value': ''}, {'id': 237, 'name': 'Data Prevista Desenvolvimento', 'value': ''}, {'id': 238, 'name': 'Data Prevista Teste', 'value': '2025-05-07'}, {'id': 396, 'name': 'Time FIPLAN', 'value': ''}]",2025-05-05T12:16:07Z,2025-05-08T14:43:02Z,FIPLAN:Adaptativa,5,Fechado,Padrão,Gilberto Cosme da Silva,Ana Poly Ferreira da Silva,Gestão | Segurança,
208121,Item 31 - endpoint Alterar para ale,"[{'id': 371, 'name': 'Data de Entrega', 'value': ''}]",2025-05-05T12:08:41Z,2025-05-05T17:45:33Z,FIPLAN:Atividade,154,A fazer,Padrão,Augusto Neves Lima,,,190177.0
208120,"Item 18, 20 - endpoint Pesquisar ALE","[{'id': 371, 'name': 'Data de Entrega', 'value': ''}]",2025-05-05T12:08:26Z,2025-05-09T18:50:27Z,FIPLAN:Atividade,71,Fazendo,Padrão,Augusto Neves Lima,Douglas de Jesus Fonseca,,190177.0
208119,Item 4 - endpoint carregar extratos associados,"[{'id': 371, 'name': 'Data de Entrega', 'value': ''}]",2025-05-05T12:08:07Z,2025-05-09T14:07:28Z,FIPLAN:Atividade,73,Feito,Padrão,Augusto Neves Lima,Douglas de Jesus Fonseca,,190177.0
208118,Checklist,"[{'id': 371, 'name': 'Data de Entrega', 'value': ''}]",2025-05-05T12:07:03Z,2025-05-05T12:07:03Z,FIPLAN:Atividade,154,A fazer,Padrão,Augusto Neves Lima,,,190177.0
208117,totalizadores,"[{'id': 371, 'name': 'Data de Entrega', 'value': ''}]",2025-05-05T12:06:47Z,2025-05-05T12:06:47Z,FIPLAN:Atividade,154,A fazer,Padrão,Augusto Neves Lima,,,190177.0
208116,adicionar o campo justificativa,"[{'id': 371, 'name': 'Data de Entrega', 'value': ''}]",2025-05-05T12:06:30Z,2025-05-05T12:06:30Z,FIPLAN:Atividade,154,A fazer,Padrão,Augusto Neves Lima,,,190177.0
208114,Refatorar componente ConciliacaoBancariaConciliar,"[{'id': 371, 'name': 'Data de Entrega', 'value': '2025-05-09'}]",2025-05-05T12:05:16Z,2025-05-09T15:40:28Z,FIPLAN:Atividade,73,Feito,Padrão,Augusto Neves Lima,Augusto Neves Lima,,190177.0
208113,validações ao clicar em ajustar ALE,"[{'id': 371, 'name': 'Data de Entrega', 'value': '2025-05-07'}]",2025-05-05T12:04:06Z,2025-05-07T23:27:18Z,FIPLAN:Atividade,73,Feito,Padrão,Augusto Neves Lima,Augusto Neves Lima,,190177.0
208106,Migração Credor - Incluir Credor - Pessoa Física - Comportamento,"[{'id': 340, 'name': 'FIPLAN 2.0', 'value': '1'}, {'id': 33, 'name': 'Legado', 'value': '0'}, {'id': 252, 'name': 'Gestor', 'value': 'SEFAZ'}, {'id': 396, 'name': 'Time FIPLAN', 'value': ''}]",2025-05-02T20:20:11Z,2025-05-06T17:26:20Z,FIPLAN:Erro,5,Fechado,Padrão,Manuela da Silva Costa,Manuela da Silva Costa,,
208104,Relatório do M&A: Acompanhamento: M&A 013 - Dados Físicos e Financeiros da Ação por Região - 2024-2027 (Excel e PDF),"[{'id': 368, 'name': 'Rastro FIPLAN', 'value': ''}, {'id': 340, 'name': 'FIPLAN 2.0', 'value': '0'}, {'id': 149, 'name': 'Impacto BDCE', 'value': ''}, {'id': 334, 'name': 'Backlog', 'value': '1'}, {'id': 221, 'name': 'PF Estimado', 'value': '7'}, {'id': 333, 'name': 'Esforço', 'value': '10'}, {'id': 345, 'name': 'Agrupamento da Demanda', 'value': ''}, {'id': 252, 'name': 'Gestor', 'value': 'SEPLAN'}, {'id': 342, 'name': 'Data Entrega Homologação', 'value': ''}, {'id': 235, 'name': 'Data Prevista Implantação', 'value': ''}, {'id': 396, 'name': 'Time FIPLAN', 'value': 'SEPLAN - Sustentação'}]",2025-05-02T19:55:44Z,2025-05-07T19:55:18Z,FIPLAN:Demanda,156,Desenvolvimento: A fazer,Padrão,Marilia Pedreira,Priscila Carvalho Ramos,,
208103,Relatório do M&A: Acompanhamento: M&A 011 - Dados Físicos e Financeiros da Ação 2024-2027 - Excel - Mudança,"[{'id': 368, 'name': 'Rastro FIPLAN', 'value': ''}, {'id': 340, 'name': 'FIPLAN 2.0', 'value': '0'}, {'id': 149, 'name': 'Impacto BDCE', 'value': ''}, {'id': 334, 'name': 'Backlog', 'value': '1'}, {'id': 221, 'name': 'PF Estimado', 'value': '4'}, {'id': 333, 'name': 'Esforço', 'value': '6'}, {'id': 345, 'name': 'Agrupamento da Demanda', 'value': ''}, {'id': 252, 'name': 'Gestor', 'value': 'SEPLAN'}, {'id': 342, 'name': 'Data Entrega Homologação', 'value': ''}, {'id': 235, 'name': 'Data Prevista Implantação', 'value': ''}, {'id': 396, 'name': 'Time FIPLAN', 'value': 'SEPLAN - Sustentação'}]",2025-05-02T19:51:09Z,2025-05-08T19:36:44Z,FIPLAN:Demanda,156,Desenvolvimento: A fazer,Padrão,Marilia Pedreira,Marcia Figueredo Nunes,PLAN | M&A | Acomp 2024-2027,
208091,Fiplan - Rotina de DAE - melhoria na consulta da rotina processar DAE-IX_ACWTB0164_FLAG_ATUAL_FIPLAN.sql,"[{'id': 149, 'name': 'Impacto BDCE', 'value': 'Não'}, {'id': 345, 'name': 'Agrupamento da Demanda', 'value': ''}, {'id': 252, 'name': 'Gestor', 'value': 'SEFAZ'}]",2025-05-02T18:09:10Z,2025-05-07T19:24:54Z,FIPLAN:Modelo de Dados,50,Produção,Padrão,Azenval Mateus de Jesus Silva,Fiplan Arquitetura,Receita | Realização | DAE,
208085,Criar abstração SOAP - Realizar melhorias apontadas SONAR,"[{'id': 340, 'name': 'FIPLAN 2.0', 'value': '1'}, {'id': 174, 'name': 'Complexidade da Demanda', 'value': ''}, {'id': 221, 'name': 'PF Estimado', 'value': ''}, {'id': 345, 'name': 'Agrupamento da Demanda', 'value': ''}, {'id': 252, 'name': 'Gestor', 'value': 'SEFAZ'}, {'id': 299, 'name': 'Origem Mudança', 'value': 'Requisitos'}, {'id': 271, 'name': 'Versão Caso de Uso', 'value': ''}, {'id': 237, 'name': 'Data Prevista Desenvolvimento', 'value': ''}, {'id': 396, 'name': 'Time FIPLAN', 'value': 'SEFAZ - Time 05'}]",2025-05-02T16:26:18Z,2025-05-05T11:27:35Z,FIPLAN:Mudança,156,Desenvolvimento: A fazer,Padrão,Felipe Araujo da Silva,FIPLAN_SEFAZ_TIME 05,Gestão | Segurança,
208084,Atualização Banco de Produção: Unidade Orçamentária - Alterar Situação UO 25201,"[{'id': 64, 'name': 'Ambiente', 'value': 'Produção'}, {'id': 296, 'name': 'Justificativa', 'value': 'Solicitação da SEFAZ com autorização para realizar esta alteração, para encerramento em exercício posterior a extinção da UO.'}, {'id': 345, 'name': 'Agrupamento da Demanda', 'value': ''}, {'id': 252, 'name': 'Gestor', 'value': 'SEPLAN'}]",2025-05-02T15:04:02Z,2025-05-05T14:56:02Z,FIPLAN:Correção de Dados,5,Fechado,Urgente,Ligia Simone Vianna,Ligia Simone Vianna,,
208082,Atualização Banco de Produção: Unidade Orçamentária - Alterar Situação UO 25201,"[{'id': 267, 'name': 'Classificação da Demanda', 'value': 'Sustentação'}, {'id': 334, 'name': 'Backlog', 'value': ''}, {'id': 225, 'name': 'Data Desejada', 'value': '2025-05-02'}, {'id': 252, 'name': 'Gestor', 'value': 'SEPLAN'}]",2025-05-02T14:54:36Z,2025-05-05T14:55:50Z,FIPLAN:Gestor,5,Fechado,Urgente,Marilia Pedreira,Fiplan Requisitos Seplan,,
208073,teste,"[{'id': 371, 'name': 'Data de Entrega', 'value': ''}]",2025-05-02T14:11:06Z,2025-05-02T14:15:17Z,FIPLAN:Atividade,73,Feito,Padrão,Christiano Tavares,Christiano Tavares,,207125.0
208053,Incluir Credor - Inscrição Genérica - Ajustes finais concluir Inclusão,"[{'id': 371, 'name': 'Data de Entrega', 'value': ''}]",2025-05-02T12:45:36Z,2025-05-09T18:49:23Z,FIPLAN:Atividade,71,Fazendo,Padrão,Wanderson Rafael da Silva,Wanderson Rafael da Silva,,206202.0
208051,Análise do caso de uso,"[{'id': 371, 'name': 'Data de Entrega', 'value': '2025-05-05'}]",2025-05-02T12:17:36Z,2025-05-05T17:59:12Z,FIPLAN:Atividade,73,Feito,Padrão,Augusto Neves Lima,Augusto Neves Lima,,190177.0
208048,Adicionar type para comportar data com hora contendo minutos e segundos,"[{'id': 340, 'name': 'FIPLAN 2.0', 'value': '1'}, {'id': 149, 'name': 'Impacto BDCE', 'value': ''}, {'id': 174, 'name': 'Complexidade da Demanda', 'value': 'Baixa'}, {'id': 221, 'name': 'PF Estimado', 'value': ''}, {'id': 345, 'name': 'Agrupamento da Demanda', 'value': ''}, {'id': 252, 'name': 'Gestor', 'value': 'SEFAZ'}, {'id': 271, 'name': 'Versão Caso de Uso', 'value': ''}, {'id': 237, 'name': 'Data Prevista Desenvolvimento', 'value': ''}, {'id': 238, 'name': 'Data Prevista Teste', 'value': '2025-05-07'}, {'id': 396, 'name': 'Time FIPLAN', 'value': ''}]",2025-05-02T12:05:36Z,2025-05-08T14:41:48Z,FIPLAN:Adaptativa,5,Fechado,Padrão,Mateus Soares da Rocha,Ana Poly Ferreira da Silva,Gestão | Segurança,
208047,FIPLAN 2.0 - Migração. Revisão dos Padrões - Parâmetros de Documentos Hábeis - Erro deixou de exibir dados em Detalhar,"[{'id': 340, 'name': 'FIPLAN 2.0', 'value': '1'}, {'id': 33, 'name': 'Legado', 'value': '0'}, {'id': 252, 'name': 'Gestor', 'value': 'SEFAZ'}, {'id': 396, 'name': 'Time FIPLAN', 'value': ''}]",2025-05-02T11:50:15Z,2025-05-09T15:49:47Z,FIPLAN:Erro,114,Desenvolvimento: Em andamento,Padrão,Monica  Alves Gomes da Costa,Evandro Rosa Santos,,
208044,[DETALHAR FATURA] - Incluir Múltiplos Documentos - Criar nova trigger para AGRPAG,"[{'id': 371, 'name': 'Data de Entrega', 'value': ''}]",2025-05-02T11:34:05Z,2025-05-07T13:18:32Z,FIPLAN:Atividade,73,Feito,Padrão,Felipe Araujo da Silva,Pablo Oliveira da Silva,,199511.0
208042,Incluir Credor - Inscrição Genérica - Checklist,"[{'id': 371, 'name': 'Data de Entrega', 'value': ''}]",2025-05-02T11:18:27Z,2025-05-09T14:25:02Z,FIPLAN:Atividade,71,Fazendo,Padrão,Wanderson Rafael da Silva,Amauri De Freitas Aquino,,206202.0
208041,Incluir Credor - Inscrição Genérica - testes unitarios,"[{'id': 371, 'name': 'Data de Entrega', 'value': ''}]",2025-05-02T11:18:10Z,2025-05-09T13:18:00Z,FIPLAN:Atividade,73,Feito,Padrão,Wanderson Rafael da Silva,Amauri De Freitas Aquino,,206202.0
208040,Incluir Credor - Inscrição Genérica - validaçoes pra nao inserir + de 1 com mesmo nome,"[{'id': 371, 'name': 'Data de Entrega', 'value': ''}]",2025-05-02T11:17:56Z,2025-05-08T16:39:37Z,FIPLAN:Atividade,73,Feito,Padrão,Wanderson Rafael da Silva,Wanderson Rafael da Silva,,206202.0
208039,Incluir Credor - Inscrição Genérica -  validar usuario negocial  para nao permitir adicionar dados conta corrente,"[{'id': 371, 'name': 'Data de Entrega', 'value': ''}]",2025-05-02T11:16:53Z,2025-05-07T15:15:47Z,FIPLAN:Atividade,73,Feito,Padrão,Wanderson Rafael da Silva,Amauri De Freitas Aquino,,206202.0
208038,Incluir Credor - Inscrição Genérica - Preparação do FORM - Incluir - criar Estrutura back-end,"[{'id': 371, 'name': 'Data de Entrega', 'value': ''}]",2025-05-02T11:16:35Z,2025-05-06T17:22:03Z,FIPLAN:Atividade,73,Feito,Padrão,Wanderson Rafael da Silva,Amauri De Freitas Aquino,,206202.0
208037,Incluir Credor - Inscrição Genérica - Preparação do FORM - Incluir - criar Estrutura Front-end,"[{'id': 371, 'name': 'Data de Entrega', 'value': ''}]",2025-05-02T11:15:40Z,2025-05-05T19:33:23Z,FIPLAN:Atividade,73,Feito,Padrão,Wanderson Rafael da Silva,Wanderson Rafael da Silva,,206202.0
